
SET SQL_MODE = "NO_AUTO_VALUE_ON_ZERO";
SET AUTOCOMMIT = 0;
START TRANSACTION;
SET time_zone = "+00:00";


--
-- Database: `human_resources`
--

--
-- Table structure for table `countries`
--


CREATE TABLE `countries` (
  `country_id` varchar(2) NOT NULL,
  `name` varchar(40) DEFAULT NULL,
  `fk_region` int(10) UNSIGNED DEFAULT NULL,
  PRIMARY KEY (`country_id`),
  KEY `countr_reg_fk` (`fk_region`)
);

--
-- Dumping data for table `countries`
--

INSERT INTO `countries` (`country_id`, `name`, `fk_region`) VALUES
('AD', 'Andorra', 5),
('AE', 'United Arab Emirates', 1),
('AF', 'Afghanistan', 1),
('AL', 'Albania', 5),
('AM', 'Armenia', 1),
('AO', 'Angola', 3),
('AS', 'American Samoa', 4),
('AT', 'Austria', 5),
('AU', 'Australia', 4),
('AZ', 'Azerbaijan', 1),
('BA', 'Bosnia and Herzegovina', 5),
('BD', 'Bangladesh', 1),
('BE', 'Belgium', 5),
('BF', 'Burkina Faso', 3),
('BG', 'Bulgaria', 5),
('BH', 'Bahrain', 1),
('BI', 'Burundi', 3),
('BJ', 'Benin', 3),
('BN', 'Brunei', 1),
('BT', 'Bhutan', 1),
('BW', 'Botswana', 3),
('BY', 'Belarus', 5),
('CD', 'Democratic Republic of Congo', 3),
('CF', 'Central African Republic', 3),
('CG', 'Republic of the Congo', 3),
('CH', 'Switzerland', 5),
('CI', 'Ivory Coast', 3),
('CK', 'Cook Islands', 4),
('CM', 'Cameroon', 3),
('CN', 'China', 1),
('CV', 'Cape Verde', 3),
('CY', 'Cyprus', 5),
('CZ', 'Czech Republic', 5),
('DE', 'Germany', 5),
('DJ', 'Djibouti', 3),
('DK', 'Denmark', 5),
('DZ', 'Algeria', 3),
('EE', 'Estonia', 5),
('EG', 'Egypt', 3),
('EH', 'Western Sahara', 3),
('ER', 'Eritrea', 3),
('ES', 'Spain', 5),
('ET', 'Ethiopia', 3),
('FI', 'Finland', 5),
('FJ', 'Fiji', 4),
('FM', 'Micronesia', 4),
('FO', 'Faroe Islands', 5),
('FR', 'France', 5),
('GA', 'Gabon', 3),
('GB', 'United Kingdom', 5),
('GE', 'Georgia', 1),
('GH', 'Ghana', 3),
('GI', 'Gibraltar', 5),
('GM', 'Gambia', 3),
('GN', 'Guinea', 3),
('GQ', 'Equatorial Guinea', 3),
('GR', 'Greece', 5),
('GU', 'Guam', 4),
('GW', 'Guinea-Bissau', 3),
('HK', 'Hong Kong', 1),
('HR', 'Croatia', 5),
('HU', 'Hungary', 5),
('HZ', 'Hazael', 1),
('ID', 'Indonesia', 1),
('IE', 'Ireland', 5),
('IL', 'Israel', 1),
('IM', 'Isle of Man', 5),
('IN', 'India', 1),
('IQ', 'Iraq', 1),
('IR', 'Iran', 1),
('IS', 'Iceland', 5),
('IT', 'Italy', 5),
('JO', 'Jordan', 1),
('JP', 'Japan', 1),
('KE', 'Kenya', 3),
('KG', 'Kyrgyzstan', 1),
('KH', 'Cambodia', 1),
('KI', 'Kiribati', 4),
('KM', 'Comoros', 3),
('KP', 'North Korea', 1),
('KR', 'South Korea', 1),
('KW', 'Kuwait', 1),
('KZ', 'Kazakhstan', 1),
('LA', 'Laos', 1),
('LB', 'Lebanon', 1),
('LI', 'Liechtenstein', 5),
('LK', 'Sri Lanka', 1),
('LR', 'Liberia', 3),
('LS', 'Lesotho', 3),
('LT', 'Lithuania', 5),
('LU', 'Luxembourg', 5),
('LV', 'Latvia', 5),
('LY', 'Libya', 3),
('MA', 'Morocco', 3),
('MC', 'Monaco', 5),
('MD', 'Moldova', 5),
('ME', 'Montenegro', 5),
('MG', 'Madagascar', 3),
('MH', 'Marshall Islands', 4),
('MK', 'Macedonia', 5),
('ML', 'Mali', 3),
('MM', 'Myanmar [Burma]', 1),
('MN', 'Mongolia', 1),
('MO', 'Macau', 1),
('MP', 'Northern Mariana Islands', 4),
('MR', 'Mauritania', 3),
('MT', 'Malta', 5),
('MU', 'Mauritius', 3),
('MV', 'Maldives', 1),
('MW', 'Malawi', 3),
('MX', 'Mexico', 1),
('MY', 'Malaysia', 1),
('MZ', 'Mozambique', 3),
('NA', 'Namibia', 3),
('NC', 'New Caledonia', 4),
('NE', 'Niger', 3),
('NF', 'Norfolk Island', 4),
('NG', 'Nigeria', 3),
('NL', 'Netherlands', 5),
('NO', 'Norway', 5),
('NP', 'Nepal', 1),
('NR', 'Nauru', 4),
('NU', 'Niue', 4),
('NZ', 'New Zealand', 4),
('OM', 'Oman', 1),
('PF', 'French Polynesia', 4),
('PG', 'Papua New Guinea', 4),
('PH', 'Philippines', 1),
('PK', 'Pakistan', 1),
('PL', 'Poland', 5),
('PN', 'Pitcairn Islands', 4),
('PT', 'Portugal', 5),
('PW', 'Palau', 4),
('QA', 'Qatar', 1),
('RE', 'Reunion', 3),
('RO', 'Romania', 5),
('RS', 'Serbia', 5),
('RU', 'Russia', 5),
('RW', 'Rwanda', 3),
('SA', 'Saudi Arabia', 1),
('SB', 'Solomon Islands', 4),
('SC', 'Seychelles', 3),
('SD', 'Sudan', 3),
('SE', 'Sweden', 5),
('SG', 'Singapore', 1),
('SH', 'Saint Helena', 3),
('SI', 'Slovenia', 5),
('SK', 'Slovakia', 5),
('SL', 'Sierra Leone', 3),
('SM', 'San Marino', 5),
('SN', 'Senegal', 3),
('SO', 'Somalia', 3),
('SS', 'South Sudan', 3),
('ST', 'Sao Tome and Principe', 3),
('SY', 'Syria', 1),
('SZ', 'Swaziland', 3),
('TG', 'Togo', 3),
('TH', 'Thailand', 1),
('TJ', 'Tajikistan', 1),
('TK', 'Tokelau', 4),
('TL', 'East Timor', 4),
('TM', 'Turkmenistan', 1),
('TN', 'Tunisia', 3),
('TR', 'Turkey', 1),
('TV', 'Tuvalu', 4),
('TW', 'Taiwan', 1),
('TZ', 'Tanzania', 3),
('UA', 'Ukraine', 5),
('UG', 'Uganda', 3),
('US', 'United States', 1),
('UZ', 'Uzbekistan', 1),
('VA', 'Vatican', 5),
('VN', 'Vietnam', 1),
('VU', 'Vanuatu', 4),
('WS', 'Samoa', 4),
('XK', 'Kosovo', 5),
('YE', 'Yemen', 1),
('ZA', 'South Africa', 3),
('ZM', 'Zambia', 3),
('ZW', 'Zimbabwe', 3);

-- --------------------------------------------------------

--
-- Table structure for table `departments`
--


CREATE TABLE `departments` (
  `department_id` varchar(10) NOT NULL,
  `name` varchar(30) NOT NULL,
  `fk_employee_manager` int(10) UNSIGNED DEFAULT NULL,
  `fk_location` int(10) UNSIGNED DEFAULT NULL,
  PRIMARY KEY (`department_id`),
  KEY `dept_mgr_fk` (`fk_employee_manager`),
  KEY `dept_location_ix` (`fk_location`)
);

--
-- Dumping data for table `departments`
--

INSERT INTO `departments` (`department_id`, `name`, `fk_employee_manager`, `fk_location`) VALUES
('HR', 'Human Resources', 1, 1),
('IT', 'Technology', 9, 1),
('SALES', 'Sales', 4, 5),
('MKTG', 'Marketing', 2, 9),
('PROD', 'Production', 7, 2),
('FIN', 'Finance', 3, 8)
;

-- --------------------------------------------------------

--
-- Stand-in structure for view `departments_view`
-- (See below for the actual view)
--

CREATE TABLE `departments_view` (
`department_id` varchar(10)
,`name` varchar(30)
,`fk_employee_manager` int(10) unsigned
,`first_name` varchar(20)
,`last_name` varchar(25)
,`fk_location` int(10) unsigned
,`street_address` varchar(40)
,`city` varchar(30)
,`state_province` varchar(25)
,`fk_country` varchar(2)
);

-- --------------------------------------------------------

--
-- Table structure for table `employees`
--


CREATE TABLE `employees` (
  `employee_id` int(10) UNSIGNED NOT NULL AUTO_INCREMENT,
  `first_name` varchar(20) DEFAULT NULL,
  `last_name` varchar(25) NOT NULL,
  `date_of_bird` date DEFAULT NULL,
  `gender` enum('male','female') DEFAULT NULL,
  `email` varchar(25) NOT NULL,
  `phone` varchar(20) DEFAULT NULL,
  `salary` decimal(8,2) DEFAULT NULL,
  `fk_job` varchar(10) NOT NULL,
  `fk_department` varchar(10) NOT NULL,
  `active` enum('Yes','No') NOT NULL DEFAULT 'Yes',
  PRIMARY KEY (`employee_id`),
  UNIQUE KEY `emp_email_uk` (`email`),
  KEY `emp_name_ix` (`last_name`,`first_name`),
  KEY `fk_emp_job_idx` (`fk_job`),
  KEY `fk_emp_dept_idx` (`fk_department`)
);

--
-- Dumping data for table `employees`
--

INSERT INTO `employees` (`employee_id`, `first_name`, `last_name`, `date_of_bird`, `gender`, `email`, `phone`, `salary`, `fk_job`, `fk_department`, `active`) VALUES
(1,'Jayson','Schamberger','2006-03-10','female','kale30@example.com','101.606.7253','999999.99','CFO','IT','No'),
(2,'Camryn','Breitenberg','1974-08-08','female','antwan.mohr@example.com','641.975.6554','999999.99','ENG','PROD','No'),
(3,'Janick','Berge','2011-05-07','male','beer.cierra@example.com','1-628-366-9292','999999.99','MGR','PROD','Yes'),
(4,'Delpha','Mertz','1977-09-02','female','rmraz@example.com','09196477386','999999.99','CFO','HR','Yes'),
(5,'Kelsie','Reichel','2015-05-13','male','jacky.kemmer@example.org','1-878-784-1008x014','2.00','ENG','FIN','Yes'),
(6,'Yvonne','Leuschke','2003-11-18','male','vnolan@example.com','1-541-551-8093x858','999999.99','MGR','SALES','No'),
(7,'Sunny','Glover','1991-12-15','male','brekke.sedrick@example.or','806-937-9717','95.00','CEO','MKTG','No'),
(8,'Toney','Quigley','2010-11-18','male','bill.schuppe@example.com','1-082-993-5000','999999.99','ENG','FIN','No'),
(9,'Pascale','Graham','1989-01-15','male','annalise.huels@example.ne','1-660-820-1422','999999.99','CEO','FIN','Yes'),
(10,'Ferne','Weimann','1982-11-08','female','darlene.bayer@example.org','+41(8)1375065698','9070.00','CFO','HR','No'),
(11,'Odie','Boehm','1979-09-15','male','gayle61@example.net','989.064.8691x75261','9899.00','CEO','PROD','No'),
(12,'Garnet','Mraz','2012-10-06','male','qparker@example.com','06817832730','0.00','DEV','PROD','No'),
(13,'Jana','Schmeler','1992-07-30','female','lehner.oceane@example.org','+50(7)8271567821','713431.00','MGR','PROD','No'),
(14,'Jerrell','Harvey','2004-06-01','male','zack02@example.com','045-582-4526','312.00','DEV','PROD','Yes'),
(15,'Kariane','Blanda','1988-12-09','female','mona65@example.com','409-760-6552','999999.99','MGR','MKTG','Yes'),
(16,'Moshe','VonRueden','1991-05-05','female','botsford.madyson@example.','055-290-0946x551','999999.99','COO','HR','Yes'),
(17,'Frederique','Shields','1979-07-04','male','lesch.claudie@example.net','+72(1)0997793249','8464.00','CEO','MKTG','Yes'),
(18,'Cindy','Schowalter','2013-01-04','male','kellie.connelly@example.c','1-865-981-9889x28113','32410.00','CEO','SALES','No'),
(19,'Alfonso','Sauer','2002-10-07','male','reanna58@example.net','660-431-0604','246738.00','MGR','FIN','Yes'),
(20,'Jeanie','Flatley','1977-06-06','male','ruby17@example.org','326.365.8310','58453.00','CEO','MKTG','No'),
(21,'Preston','Medhurst','2008-01-23','male','clovis82@example.net','328-691-3238x0027','999999.99','ENG','FIN','No'),
(22,'Rahul','Marks','2016-05-09','male','mccullough.gladys@example','+38(8)9210194835','163955.00','MGR','IT','No'),
(23,'Domenica','Buckridge','2005-09-26','male','jettie.lowe@example.org','585.908.8658x5086','871861.00','COO','IT','No'),
(24,'Providenci','Sanford','2009-02-05','male','era06@example.net','+92(2)6056681485','86.00','CEO','PROD','Yes'),
(25,'Jude','Wilkinson','2001-02-02','male','rolando.dickens@example.c','(257)641-3279x516','944.00','MGR','SALES','Yes'),
(26,'Abigail','Greenholt','1972-06-15','female','brennon.grimes@example.ne','(058)829-1799x4802','73982.00','CEO','SALES','Yes'),
(27,'Felton','Adams','1980-02-25','male','dzemlak@example.org','+17(4)6335767776','0.00','CFO','MKTG','No'),
(28,'Abbey','Rohan','1989-07-05','male','nmclaughlin@example.net','105.849.4221','41031.00','DEV','SALES','Yes'),
(29,'Keira','Blanda','1994-02-27','male','nicholaus45@example.net','(625)534-7353','999999.99','COO','FIN','No'),
(30,'Madilyn','Kuhlman','2010-03-24','male','zchamplin@example.net','1-760-387-2501x934','51126.00','MGR','SALES','Yes'),
(31,'Jarrett','Hand','1978-08-13','male','barton.justine@example.ne','1-686-639-2048','999999.99','CFO','SALES','Yes'),
(32,'Weldon','Wyman','1971-02-26','female','graciela35@example.com','1-431-537-8410x4157','999999.99','CFO','MKTG','No'),
(33,'Katharina','VonRueden','1987-01-21','male','sigurd.jenkins@example.ne','526.147.9251x3750','663.00','COO','IT','No'),
(34,'Hailey','Cole','1982-09-29','female','conroy.roselyn@example.or','180.756.4924x5824','48451.00','DEV','IT','Yes'),
(35,'Coleman','Wolf','1984-03-19','male','santos66@example.org','1-095-834-5568x539','999999.99','DEV','FIN','No'),
(36,'Lucy','Tremblay','2018-11-11','male','preston71@example.net','09325685478','0.00','ENG','SALES','No'),
(37,'Assunta','Tromp','2017-12-22','male','ned.schultz@example.net','(722)144-2150','232027.00','CEO','IT','No'),
(38,'Bridgette','Swaniawski','1982-02-03','male','zetta.treutel@example.com','(719)035-8723x67370','765.00','COO','IT','Yes'),
(39,'Janae','Prosacco','1977-01-12','female','ipacocha@example.com','390.571.9914','0.00','ENG','PROD','Yes'),
(40,'Easter','Larson','1975-10-21','male','oprosacco@example.net','1-063-846-2150','3566.00','ENG','SALES','No'),
(41,'Bernie','Raynor','1987-09-02','male','gretchen.gutmann@example.','647-056-2513x9377','27.00','COO','SALES','Yes'),
(42,'Kurt','Haley','1985-06-26','female','hkulas@example.net','471-887-8555','999999.99','DEV','HR','Yes'),
(43,'Alexzander','Wiza','1997-01-21','male','schamberger.noah@example.','475-272-1444x261','658.00','MGR','MKTG','Yes'),
(44,'Jody','Johns','1996-01-02','male','wstracke@example.net','1-373-879-3919x9761','87.00','COO','IT','No'),
(45,'Vicente','Hilpert','1994-08-12','female','ewill@example.net','+08(4)8520019349','0.00','DEV','MKTG','No'),
(46,'Gerhard','Collins','1999-09-02','female','crawford.leuschke@example','623.466.7979x5615','999999.99','CEO','FIN','No'),
(47,'Jeanne','Auer','2018-11-14','male','karelle.kunze@example.net','062-086-3796','2.00','CFO','MKTG','No'),
(48,'Camron','Flatley','1971-10-24','female','jacquelyn53@example.com','(327)924-6557x55507','999999.99','MGR','SALES','No'),
(49,'Kris','Williamson','1991-10-28','male','tbeier@example.com','565.697.8425x283','195.00','CEO','HR','Yes'),
(50,'Napoleon','Donnelly','2001-05-07','female','olson.adolphus@example.or','485-814-9716x803','903923.00','COO','MKTG','Yes'),
(51,'Liza','Mante','1981-10-05','female','sammy69@example.com','07160608847','0.00','ENG','PROD','Yes'),
(52,'Jonathon','Mertz','2012-10-31','male','webster.davis@example.com','254-336-7096x7674','1.00','CEO','PROD','No'),
(53,'Eugenia','Bailey','1973-02-02','male','akuhn@example.com','1-459-812-2876','999999.99','CFO','FIN','No'),
(54,'Stone','Purdy','1985-05-13','female','amber20@example.com','464-413-8422','2221.00','ENG','IT','Yes'),
(55,'Moshe','Luettgen','1987-12-11','male','ullrich.kiarra@example.or','101-898-5339x5486','292277.00','CFO','PROD','Yes'),
(56,'Vinnie','Schinner','1971-04-08','male','kassandra.moore@example.o','(709)222-1836','35.00','CFO','SALES','Yes'),
(57,'Layla','Dare','1998-04-01','male','qhegmann@example.org','1-184-648-3887x37050','154756.00','CFO','MKTG','Yes'),
(58,'Ocie','Klein','2003-06-01','female','dudley.mccullough@example','(870)481-3596','1257.00','CEO','FIN','Yes'),
(59,'Darrell','Gottlieb','1986-01-17','male','vicenta.kulas@example.org','09674322387','16.00','COO','MKTG','Yes'),
(60,'Arnold','Miller','2017-03-14','male','xo\'reilly@example.com','(946)970-2911','999999.99','CEO','FIN','Yes'),
(61,'Jewell','Collier','1990-08-16','male','stokes.lonzo@example.net','873-711-5016','65430.00','CEO','IT','Yes'),
(62,'Jordon','Hackett','2003-12-20','female','victor.walker@example.com','1-484-462-0132x670','999999.99','CFO','HR','Yes'),
(63,'Tyson','Schmitt','1989-09-11','male','lavonne62@example.org','158-325-4235','6817.00','MGR','FIN','No'),
(64,'Deondre','Waters','2005-02-25','male','fkrajcik@example.com','01940816012','999999.99','CFO','MKTG','Yes'),
(65,'Quentin','Leffler','1994-01-20','male','ike09@example.net','108.960.5459','19.00','CEO','IT','No'),
(66,'Jordan','Wunsch','2005-08-04','male','kirlin.quentin@example.ne','+15(6)1271127651','26383.00','CEO','FIN','No'),
(67,'Aniyah','Hilll','1983-08-08','female','fred.lebsack@example.org','646-213-5583','4.00','CFO','SALES','Yes'),
(68,'Ruby','Turcotte','1985-01-01','female','cleve07@example.net','+16(9)9624650919','999999.99','COO','PROD','No'),
(69,'Claudine','Block','1977-04-27','male','schroeder.rebeka@example.','(571)349-2982','371722.00','ENG','PROD','Yes'),
(70,'Liana','Ullrich','1998-01-26','female','breanna.rosenbaum@example','229.450.2331x30204','889845.00','ENG','MKTG','Yes'),
(71,'Rhoda','Lakin','1973-06-26','male','lesch.houston@example.net','1-106-858-5314x00226','999999.99','DEV','IT','Yes'),
(72,'Janessa','Botsford','1992-12-28','male','ycollins@example.com','523-103-3312x3569','22574.00','ENG','PROD','No'),
(73,'Romaine','Kreiger','2003-12-24','male','hettinger.imogene@example','(364)120-6635x7026','88765.00','CEO','IT','Yes'),
(74,'Stefan','Greenfelder','2015-01-04','female','vzulauf@example.net','(090)405-5483','5.00','DEV','HR','Yes'),
(75,'Kaley','Bogisich','2002-12-21','female','witting.vaughn@example.ne','206-823-2947x93305','3.00','DEV','PROD','No'),
(76,'Lia','Hilpert','1983-01-08','female','nsimonis@example.net','1-600-346-4662x61817','999999.99','COO','PROD','No'),
(77,'Reba','Ledner','2016-02-04','female','hellen.ledner@example.org','(832)183-7524x2425','6.00','CEO','PROD','No'),
(78,'Elena','Fritsch','1994-01-12','male','juanita.harvey@example.co','616.900.8317','4145.00','MGR','PROD','Yes'),
(79,'Lela','Pouros','1982-04-10','male','marcia58@example.net','+71(9)7741535492','74.00','ENG','MKTG','Yes'),
(80,'Tomas','Spinka','1977-09-04','female','ledner.germaine@example.c','540.671.5831x8014','693.00','CEO','IT','Yes'),
(81,'Abigayle','Hahn','2011-11-17','female','hlittle@example.com','+56(4)2327374181','1738.00','MGR','FIN','No'),
(82,'Ibrahim','Hudson','1977-12-08','female','rebecca65@example.com','288.682.8433x67358','9.00','COO','HR','Yes'),
(83,'Janis','Boyle','2010-07-16','male','gledner@example.com','07345477933','999999.99','ENG','PROD','No'),
(84,'Ward','Ryan','2011-11-14','female','justyn79@example.net','161.425.8301','664475.00','COO','FIN','No'),
(85,'Devan','Hane','2003-09-07','female','oondricka@example.org','03951882792','863598.00','DEV','PROD','No'),
(86,'Abdul','Yundt','2002-11-27','female','lindgren.ottis@example.co','(145)188-9841x905','9.00','DEV','FIN','No'),
(87,'Lorenza','Bogisich','1977-04-24','male','veichmann@example.net','1-235-986-9504','87165.00','CEO','SALES','Yes'),
(88,'Crystal','Kuhn','1975-01-09','female','sheila48@example.org','817-176-1781x35536','0.00','COO','HR','Yes'),
(89,'Herbert','Torphy','1977-04-24','male','lowe.lennie@example.net','909.426.7123x0656','785837.00','ENG','FIN','Yes'),
(90,'Vaughn','Reilly','1999-10-12','male','alexane.howell@example.co','738-510-2855','14502.00','CFO','PROD','No'),
(91,'Vicky','Friesen','2018-06-14','male','grussel@example.com','836-793-5991x798','999999.99','COO','MKTG','Yes'),
(92,'Claude','O\'Conner','2009-01-31','female','jerrold18@example.net','015-912-2397','2.00','COO','PROD','No'),
(93,'Maia','Walter','1991-04-03','male','ciara.haley@example.org','+04(2)0189001852','0.00','DEV','FIN','No'),
(94,'Antoinette','Mann','1990-09-18','female','jarrett06@example.org','555.233.7921x27850','278269.00','CEO','MKTG','Yes'),
(95,'Hilma','Cummerata','2000-10-28','female','armand.mosciski@example.c','986-844-4724x943','6727.00','CEO','HR','Yes'),
(96,'Alessia','Leuschke','2003-11-29','male','julianne31@example.com','709-036-4069x7442','999999.99','CFO','PROD','No'),
(97,'Pauline','Tromp','2018-07-21','male','hills.angel@example.net','07038846634','999999.99','CFO','FIN','Yes'),
(98,'Amalia','Becker','1972-05-07','male','josefina66@example.net','(096)866-9730x36250','9034.00','MGR','IT','Yes'),
(99,'Brett','Feil','1990-11-13','male','obergnaum@example.net','1-731-288-2442x4247','77749.00','ENG','SALES','Yes'),
(100,'Florine','Ankunding','2000-08-10','female','will.grayce@example.com','1-003-419-5301x33839','0.00','COO','HR','No'),
(101,'Brandi','Schoen','1979-12-29','male','casandra98@example.com','009.892.7122x672','846.00','CFO','MKTG','Yes'),
(102,'Liam','Klocko','1977-09-08','female','lmayert@example.net','400-047-5727x72278','740.00','CFO','IT','No'),
(103,'Imani','Lueilwitz','1996-03-05','female','gaston.steuber@example.ne','1-478-791-9683x353','999999.99','CFO','HR','Yes'),
(104,'Jeanne','Russel','1996-05-23','female','zita.murray@example.org','07237748045','999999.99','MGR','FIN','Yes'),
(105,'Pierre','Quitzon','1986-11-21','female','bogan.thea@example.net','667.297.1031x980','3689.00','CEO','MKTG','Yes'),
(106,'Bill','Marks','1974-12-01','male','casimir26@example.net','(159)729-4974','999999.99','ENG','FIN','Yes'),
(107,'Gregorio','Orn','1990-05-25','female','maggio.oswald@example.org','03780331709','999999.99','CEO','PROD','Yes'),
(108,'Estel','Hintz','2009-11-09','male','pgoyette@example.net','(899)478-1247x7368','608644.00','CEO','PROD','Yes'),
(109,'Lincoln','Gusikowski','1991-05-30','female','ankunding.nolan@example.n','734-775-7077','8.00','MGR','IT','No'),
(110,'Devan','Lakin','2006-05-16','female','moises02@example.org','1-771-504-6679x7400','999999.99','DEV','MKTG','Yes'),
(111,'Eryn','Tillman','1976-12-02','female','oo\'conner@example.net','767.610.7037x09963','6376.00','ENG','MKTG','No'),
(112,'Arden','Fadel','2018-04-01','male','schowalter.theresa@exampl','01550779306','26.00','CEO','MKTG','Yes'),
(113,'Minerva','Predovic','2000-10-18','male','alexander55@example.org','(901)033-3216','441.00','DEV','FIN','Yes'),
(114,'Erwin','Schuppe','1972-11-01','female','padberg.aida@example.com','017-265-7464x7465','999999.99','DEV','HR','Yes'),
(115,'Antwan','Willms','1976-05-19','male','bzemlak@example.com','258-937-7265x984','602.00','MGR','IT','Yes'),
(116,'Kiarra','Schneider','2010-12-13','male','zbogisich@example.org','533-969-9090x8919','60750.00','MGR','SALES','No'),
(117,'Stephany','Wuckert','1984-10-26','female','fullrich@example.com','+98(0)0804839192','80.00','CEO','IT','No'),
(118,'Iliana','Bechtelar','1974-03-08','female','mlarkin@example.com','801.025.3127x80405','38797.00','CEO','MKTG','No'),
(119,'Colton','Shanahan','1995-10-30','male','uwalter@example.com','232-783-8987x11842','999999.99','COO','MKTG','No'),
(120,'Pauline','Ziemann','1977-08-17','female','kling.dana@example.net','584.047.6868x01565','999999.99','COO','FIN','No'),
(121,'Nayeli','Schmidt','1973-09-20','male','darlene.grady@example.com','+42(2)5189220589','78682.00','DEV','MKTG','Yes'),
(122,'Beverly','Luettgen','1984-04-22','female','vklein@example.org','1-529-665-6371','999999.99','CEO','HR','No'),
(123,'Jude','McClure','2000-03-04','female','hbalistreri@example.org','(488)495-4359','999999.99','CFO','PROD','Yes'),
(124,'Princess','Heidenreich','2010-09-01','male','sraynor@example.net','093.298.4730','999999.99','COO','SALES','Yes'),
(125,'Elliott','Lemke','1982-08-13','male','pearlie.kautzer@example.o','588-930-5734','21.00','ENG','FIN','No'),
(126,'Gerson','Hodkiewicz','2015-08-24','male','keanu.sauer@example.net','+98(9)1891919244','73745.00','ENG','HR','No'),
(127,'Barry','Thompson','2000-10-27','male','block.ward@example.org','(493)275-4779x2638','77.00','MGR','HR','Yes'),
(128,'Ramona','Aufderhar','1996-03-14','male','sean.schinner@example.net','727-512-6975','999999.99','DEV','IT','Yes'),
(129,'Aubrey','Murphy','1993-09-21','female','hheaney@example.org','746-288-5682x8404','7224.00','DEV','MKTG','Yes'),
(130,'Collin','Satterfield','1998-04-07','female','naomi.cronin@example.com','1-695-985-2751','942.00','COO','MKTG','Yes'),
(131,'Sandrine','Torphy','2003-11-02','male','lewis.mccullough@example.','1-677-421-6971x0588','999999.99','CEO','HR','Yes'),
(132,'Nicolas','Powlowski','2010-12-30','male','anna05@example.org','290-991-6624x899','95.00','COO','FIN','Yes'),
(133,'Isabel','Beahan','1974-06-20','female','terry.emerson@example.org','937.339.1286x352','0.00','CEO','PROD','Yes'),
(134,'Al','Koss','2010-04-27','male','ike58@example.org','358.905.5565x33470','580.00','COO','MKTG','No'),
(135,'Clifton','Herman','1979-09-05','female','mhessel@example.org','702-528-1439x0866','999999.99','MGR','HR','No'),
(136,'Eloy','McKenzie','1981-03-02','male','imogene.schaden@example.o','1-426-155-9288','40620.00','MGR','SALES','No'),
(137,'Broderick','Jenkins','2007-07-12','male','britney.yundt@example.com','+26(6)3297447187','41116.00','CEO','HR','No'),
(138,'Lupe','Stiedemann','1980-02-08','male','franco37@example.com','061.879.2204x013','999999.99','COO','FIN','No'),
(139,'Amparo','Herman','1974-10-31','male','leuschke.columbus@example','(464)519-6334x9490','7.00','ENG','SALES','No'),
(140,'Petra','Luettgen','2018-10-11','female','herman.leon@example.com','(262)553-0925','999999.99','CFO','FIN','No'),
(141,'Zachariah','Leuschke','1994-04-24','male','qschmitt@example.com','091.032.7081','6.00','MGR','IT','No'),
(142,'Kelton','Herzog','1974-07-11','male','wyman.emie@example.com','(304)167-9567x5292','20.00','ENG','FIN','Yes'),
(143,'Griffin','Gerlach','1972-04-14','male','zfadel@example.com','526-147-7293','999999.99','CFO','HR','Yes'),
(144,'Alice','Halvorson','1996-01-15','female','prudence98@example.org','(537)117-4095x807','465707.00','DEV','HR','No'),
(145,'Reanna','O\'Kon','1993-02-10','female','czemlak@example.org','(519)396-4748x72048','6256.00','MGR','PROD','Yes'),
(146,'Burnice','Murphy','1979-04-07','female','bschulist@example.org','140.813.0449x8582','999999.99','ENG','HR','No'),
(147,'Webster','Schulist','1984-08-26','female','stuart28@example.net','993.632.2615x9076','0.00','COO','PROD','No'),
(148,'Lila','Stiedemann','1975-06-06','female','kshields@example.org','1-740-902-9455x4630','0.00','CEO','SALES','No'),
(149,'Uriah','Mills','1985-08-08','female','tmckenzie@example.org','836.106.7516x83668','999999.99','COO','SALES','No'),
(150,'Pamela','Miller','1987-10-18','female','myah14@example.net','554.060.0597x715','999999.99','COO','MKTG','No'),
(151,'Aracely','Renner','1990-08-02','male','meaghan83@example.com','1-519-544-0509','36.00','ENG','PROD','No'),
(152,'Denis','Effertz','1971-08-04','male','michaela83@example.net','1-974-765-6913x43082','999999.99','DEV','IT','No'),
(153,'Ruby','Braun','2017-01-23','female','jdietrich@example.org','619.343.9640','0.00','MGR','SALES','Yes'),
(154,'Lolita','Vandervort','1988-01-05','female','ebert.laury@example.com','(838)092-4819','238.00','MGR','MKTG','No'),
(155,'Leonard','Batz','1998-12-09','male','domenick81@example.org','181-383-3521','999999.99','ENG','MKTG','No'),
(156,'Tia','Schmeler','1994-08-27','male','emard.yessenia@example.ne','703-539-6678x1655','91093.00','CEO','SALES','Yes'),
(157,'Louie','O\'Keefe','2001-10-22','male','mdach@example.com','052.986.2671','1.00','COO','PROD','No'),
(158,'Abdul','Reilly','1985-02-24','female','zjohns@example.net','1-009-027-0223x1341','999999.99','MGR','MKTG','No'),
(159,'Ramon','Shanahan','1988-01-26','male','breitenberg.dannie@exampl','056-562-5354x63915','999999.99','DEV','PROD','Yes'),
(160,'Junius','Kautzer','2016-12-14','female','gprosacco@example.net','516-936-9010','6369.00','ENG','HR','No'),
(161,'Maverick','Graham','1997-01-17','male','torphy.kariane@example.ne','01823534144','999999.99','CFO','MKTG','Yes'),
(162,'Robb','Schmitt','2011-12-16','female','kilback.asia@example.net','555-649-2213','999999.99','MGR','MKTG','No'),
(163,'Micaela','Mayert','2016-09-25','male','chasity97@example.org','386-336-1377x74464','999999.99','DEV','FIN','Yes'),
(164,'Raleigh','Weimann','2011-09-22','female','turcotte.julius@example.c','1-273-141-3416x84066','87.00','ENG','FIN','No'),
(165,'Paris','Schuster','1995-08-15','male','cullen.zieme@example.org','(588)558-8622x1383','7.00','CEO','MKTG','Yes'),
(166,'Wilton','McCullough','1987-10-29','female','elda05@example.com','1-679-949-0731','9.00','COO','IT','No'),
(167,'Marlene','Strosin','1999-10-20','female','cormier.isaiah@example.co','08295783318','46.00','CEO','FIN','Yes'),
(168,'Rosemarie','Price','2009-05-05','male','stoltenberg.colin@example','+26(7)8857811418','0.00','DEV','PROD','No'),
(169,'Ilene','Dicki','2011-10-03','female','douglas.natalie@example.o','529.045.0857x81293','0.00','CFO','HR','Yes'),
(170,'Kelvin','Kerluke','2017-08-12','female','qhilll@example.net','398-250-6310','999999.99','DEV','PROD','Yes'),
(171,'Meagan','Renner','2007-02-26','female','nconsidine@example.org','03155253234','904821.00','DEV','SALES','Yes'),
(172,'Willard','Murphy','1996-12-06','male','ashlee70@example.org','952-319-4530x2931','0.00','DEV','MKTG','No'),
(173,'Pearline','Fritsch','2013-12-01','female','darrel.wisoky@example.org','(143)691-8006','999999.99','CEO','FIN','No'),
(174,'Antonio','Hoppe','1984-11-08','male','chaz44@example.org','(536)039-4452','0.00','COO','FIN','No'),
(175,'Federico','Grimes','1974-10-09','male','matteo.haley@example.org','1-250-082-2257x456','716.00','CFO','SALES','No'),
(176,'Megane','Waelchi','1990-05-15','female','richard.gutkowski@example','578.339.2660x4960','999999.99','DEV','PROD','Yes'),
(177,'Monte','McDermott','2007-05-16','female','tpredovic@example.org','(747)953-8327x18792','999999.99','CEO','SALES','Yes'),
(178,'Myrtie','Morar','1990-08-03','female','pfeffer.zita@example.net','114-794-1453','0.00','MGR','IT','No'),
(179,'Regan','Boyle','2004-05-19','female','mkuvalis@example.org','(815)802-9478x555','999999.99','COO','HR','No'),
(180,'Tobin','Lang','1991-11-20','female','hagenes.irving@example.or','1-537-754-2898x00577','3.00','COO','SALES','Yes'),
(181,'Albina','Maggio','2003-06-23','female','dmedhurst@example.com','1-209-895-8783x681','0.00','MGR','PROD','No'),
(182,'Tierra','Ullrich','1985-05-01','male','theresia45@example.net','1-483-185-3220x984','81602.00','CEO','MKTG','No'),
(183,'Marian','Boyle','2006-02-15','male','hermiston.aileen@example.','09296528799','999999.99','ENG','IT','Yes'),
(184,'Linda','Bashirian','1971-05-21','male','yost.demond@example.net','1-576-972-0623','948662.00','DEV','MKTG','No'),
(185,'Earl','Hamill','1995-02-02','male','parisian.earlene@example.','(858)697-9366x3540','714652.00','DEV','IT','Yes'),
(186,'Theodora','Jacobi','2014-06-23','female','kuhic.myrtle@example.com','091.082.0944x270','745402.00','DEV','IT','No'),
(187,'Jaren','Treutel','2012-03-12','male','miller.blanda@example.org','1-195-747-6239x79080','999999.99','CEO','FIN','Yes'),
(188,'Tomas','Jones','1999-06-04','male','mkunde@example.com','407.462.5849x3852','0.00','ENG','SALES','Yes'),
(189,'Vida','Reichel','1980-10-09','female','schowalter.cordie@example','444.061.1922','4181.00','DEV','PROD','No'),
(190,'Cathryn','Bernhard','2018-01-04','male','skunde@example.com','1-480-742-3283','744953.00','ENG','PROD','Yes'),
(191,'Tyrel','Nader','1998-09-26','female','josiane63@example.org','06015022704','2.00','CFO','IT','No'),
(192,'Delmer','Gleason','1984-12-19','female','claire.fahey@example.com','+82(1)2195442047','999999.99','ENG','HR','Yes'),
(193,'Loren','Hickle','1975-08-28','male','vquitzon@example.com','680.896.4942x22083','76492.00','COO','SALES','No'),
(194,'Vern','Ferry','1974-12-03','male','vhegmann@example.net','528-345-2006','999999.99','COO','SALES','No'),
(195,'Rosemarie','Russel','1990-09-05','male','crooks.selmer@example.net','690.675.4314','999999.99','CEO','HR','No'),
(196,'Fanny','Lowe','1990-10-11','female','thaley@example.org','1-340-034-5679','0.00','CEO','HR','No'),
(197,'Desiree','Kling','1973-06-05','male','bulah.leannon@example.org','042.735.7028x19197','46.00','ENG','HR','No'),
(198,'Kiley','Grant','1995-06-01','male','conroy.vickie@example.com','(821)780-4052x765','999999.99','CEO','FIN','No'),
(199,'Stephanie','Ortiz','2007-05-08','female','langosh.michale@example.n','1-225-959-5551','0.00','MGR','FIN','Yes'),
(200,'Uriah','Weimann','2008-12-19','male','shields.kiera@example.com','(252)231-0897','2.00','DEV','HR','Yes'),
(201,'Deonte','Langworth','2017-12-25','male','dean23@example.net','118.704.7420','999999.99','ENG','SALES','Yes'),
(202,'Karley','Brekke','2015-02-10','female','yoshiko07@example.net','1-570-851-0811','999999.99','CEO','FIN','Yes'),
(203,'Kaylie','Corkery','2007-03-14','female','christiana.brekke@example','1-798-904-6992','9577.00','COO','IT','Yes'),
(204,'Ron','Frami','2001-01-22','female','vern20@example.com','(735)286-3969x355','825.00','COO','SALES','No'),
(205,'Ocie','Langosh','1980-06-17','female','abdiel.kuvalis@example.or','297-518-2649','999999.99','CFO','PROD','No'),
(206,'Carmine','Welch','1986-05-17','male','jessyca.ernser@example.ne','455-101-5589','0.00','CEO','PROD','No'),
(207,'Antonio','Bernhard','1977-04-06','female','schmitt.fabian@example.ne','295-281-9176','999999.99','CFO','SALES','No'),
(208,'Sheldon','Stark','1978-08-30','female','caufderhar@example.org','1-955-429-3839x7865','571.00','CEO','SALES','Yes'),
(209,'Cruz','Mraz','2004-03-28','female','ahmed.olson@example.net','671-507-2982','0.00','COO','PROD','No'),
(210,'Cheyenne','Hintz','1988-12-11','male','effertz.chloe@example.com','04061203118','6689.00','COO','MKTG','No'),
(211,'Guy','Murray','2012-06-01','female','solon.wintheiser@example.','+28(0)8974660314','7.00','DEV','PROD','Yes'),
(212,'Boyd','Shields','2006-03-10','male','russel.kerluke@example.or','1-416-279-0127x0135','999999.99','ENG','IT','Yes'),
(213,'Alphonso','Heidenreich','1976-04-18','male','ewindler@example.org','(829)168-6375x4587','0.00','MGR','IT','No'),
(214,'Cathryn','Conroy','2011-03-21','female','squigley@example.net','(217)054-4633x02634','8.00','DEV','MKTG','No'),
(215,'Pierre','Ryan','1972-10-13','female','vwaters@example.org','670.958.2347','567.00','ENG','IT','No'),
(216,'Montana','Robel','2001-02-26','female','abner.fisher@example.net','408.789.3538','999999.99','CEO','MKTG','No'),
(217,'Rasheed','Harvey','1974-08-28','female','hosea50@example.com','05567716769','5568.00','CFO','IT','Yes'),
(218,'Lindsay','Daniel','2013-03-24','female','savanah.dibbert@example.o','736-316-2059x138','531.00','COO','IT','No'),
(219,'Rosalee','Pagac','2004-05-09','female','hamill.trycia@example.net','(633)792-1525x4427','893767.00','CEO','SALES','Yes'),
(220,'Michele','Welch','1986-03-30','male','schamberger.danielle@exam','(657)366-9856','189.00','COO','HR','Yes'),
(221,'Alessandro','Hegmann','2011-10-03','female','remington.ryan@example.or','438-763-8553','999999.99','COO','PROD','Yes'),
(222,'Milo','Botsford','2010-08-30','male','michele15@example.org','526-660-0253x224','866.00','CEO','HR','Yes'),
(223,'Jordi','Morissette','1972-08-10','male','darien.gleason@example.co','945.670.4112','999999.99','COO','FIN','Yes'),
(224,'Mavis','Ritchie','1986-05-12','male','stoltenberg.randall@examp','(222)503-5152x919','9142.00','DEV','MKTG','No'),
(225,'Easton','Predovic','1975-12-21','female','vmurazik@example.org','(663)386-7756','78946.00','MGR','PROD','Yes'),
(226,'Casimer','Wyman','2013-05-18','female','caitlyn.kuhlman@example.o','1-337-031-2184x39569','999999.99','MGR','SALES','Yes'),
(227,'Edmond','Mann','2003-09-14','male','ella.muller@example.com','(034)845-7073','6914.00','ENG','MKTG','No'),
(228,'Raven','Kuphal','2010-06-29','female','lesly.marvin@example.com','583-973-3773','195.00','MGR','IT','No'),
(229,'Kaitlin','O\'Kon','1970-08-26','female','streich.ava@example.net','580-557-9742x61780','999999.99','COO','FIN','Yes'),
(230,'Nicolette','Koepp','2009-06-24','female','caden64@example.net','+95(3)8803983101','999999.99','MGR','MKTG','Yes'),
(231,'Cielo','Hirthe','1994-12-10','male','jakubowski.hollis@example','(291)247-8346x1352','922554.00','CFO','PROD','Yes'),
(232,'Kiarra','Koch','1983-08-21','female','ggulgowski@example.com','052-056-1209x72962','999999.99','CEO','FIN','No'),
(233,'Marques','O\'Reilly','2010-05-17','female','alessandro67@example.com','961.594.8743x476','43.00','CEO','IT','No'),
(234,'Gillian','Jaskolski','2005-10-24','male','rebeca.runolfsdottir@exam','(626)849-7325x602','57279.00','MGR','FIN','No'),
(235,'Josh','Heller','2002-08-02','female','alden10@example.com','07937646208','371.00','CFO','MKTG','No'),
(236,'Casandra','Wilkinson','1993-12-24','male','istanton@example.org','227.329.4173x756','999999.99','MGR','IT','Yes'),
(237,'Rhianna','Trantow','1977-10-23','male','douglas.georgette@example','871-924-2219','2.00','CEO','HR','Yes'),
(238,'Adolfo','Schiller','1988-11-09','female','lavina.sanford@example.co','289-976-5658','0.00','COO','HR','Yes'),
(239,'Karine','Gerhold','1970-03-16','male','hanna05@example.org','1-149-891-9967','48.00','COO','MKTG','No'),
(240,'Eveline','Hudson','1989-07-30','female','yfranecki@example.org','647.387.4246','999999.99','MGR','IT','Yes'),
(241,'Karson','Lynch','2012-06-14','male','hettinger.cordelia@exampl','1-257-295-3606x42063','0.00','DEV','IT','Yes'),
(242,'Cecil','Lemke','1980-01-24','male','hwalter@example.com','1-915-890-2651x0214','9.00','ENG','MKTG','Yes'),
(243,'Ethyl','Green','1979-12-20','female','dickinson.sigurd@example.','247-987-7717x1812','6642.00','COO','IT','Yes'),
(244,'Shayne','Hane','1979-11-22','female','ivah.brown@example.com','04549647063','999999.99','MGR','PROD','No'),
(245,'Nya','Reichert','1973-03-27','female','danika.marks@example.com','1-321-961-7277x19830','19.00','DEV','SALES','No'),
(246,'Kiana','Zieme','2008-07-30','female','roberts.dasia@example.org','(841)026-3609','381.00','ENG','FIN','No'),
(247,'Nickolas','Green','2018-08-10','female','nedra.schimmel@example.ne','907-202-1041x3713','2.00','CEO','IT','No'),
(248,'Guy','Tillman','2007-07-15','female','schiller.darren@example.c','744-140-4425','999999.99','ENG','PROD','Yes'),
(249,'Cierra','Tremblay','2000-04-17','female','arjun12@example.com','1-358-861-4467x098','215286.00','CFO','PROD','Yes'),
(250,'Maye','Ernser','2018-03-27','male','howell.verla@example.org','1-153-118-0585x789','29.00','COO','SALES','Yes'),
(251,'Emily','Flatley','2018-02-19','male','alexzander59@example.org','1-134-777-4019x814','718388.00','DEV','FIN','Yes'),
(252,'Mac','Dickinson','1988-05-10','female','hegmann.nona@example.org','403.865.3561x684','69039.00','CEO','MKTG','No'),
(253,'Berta','Bogisich','1972-09-10','female','aron32@example.com','653-914-1840','87.00','CFO','IT','No'),
(254,'Brandy','Wunsch','1989-02-20','female','blemke@example.com','011-554-5759x50340','5131.00','DEV','IT','No'),
(255,'Charity','Klocko','2014-05-14','male','runolfsdottir.joesph@exam','1-990-973-3342x140','6757.00','CFO','MKTG','Yes'),
(256,'Deron','Schmeler','2003-07-12','male','wisozk.zelma@example.net','200-738-2721x06760','998.00','MGR','HR','No'),
(257,'Phoebe','Ankunding','2015-03-22','male','white.ellen@example.net','1-920-738-5378x5933','0.00','DEV','MKTG','Yes'),
(258,'Colten','Cassin','1984-02-14','female','america17@example.net','+70(1)2584424330','0.00','CFO','FIN','No'),
(259,'Louisa','Schinner','1973-07-20','female','abbott.randall@example.ne','401-563-3930','999999.99','COO','PROD','No'),
(260,'Abdullah','Homenick','1975-09-05','female','willa.dubuque@example.com','(001)747-0070x590','646.00','MGR','MKTG','Yes'),
(261,'Virgil','Paucek','2002-01-12','male','oceane59@example.com','(487)767-2564','76.00','ENG','HR','Yes'),
(262,'Angie','Rohan','2015-02-21','female','feeney.lawson@example.com','(260)451-8929x91843','999999.99','CEO','MKTG','Yes'),
(263,'Columbus','Kohler','1974-05-10','female','javier.altenwerth@example','905.352.3568x0574','269.00','CFO','SALES','Yes'),
(264,'Terrance','Bogan','2018-04-19','female','amelia.mueller@example.ne','1-291-952-0232x2181','999999.99','CFO','MKTG','No'),
(265,'Stewart','Kling','1985-01-13','male','gleichner.meredith@exampl','(960)471-0616','999999.99','CFO','MKTG','Yes'),
(266,'Vivienne','Weimann','2011-05-24','male','jacobs.aidan@example.com','(613)362-9312','999999.99','DEV','IT','Yes'),
(267,'Johnathon','Thiel','1970-10-23','female','herzog.keaton@example.org','1-377-124-2432x4697','4.00','DEV','MKTG','No'),
(268,'Maegan','Feest','2013-03-15','male','tstark@example.com','(831)776-3818','999999.99','COO','SALES','Yes'),
(269,'Cristobal','Rohan','1999-10-15','male','leannon.dulce@example.org','+27(0)7576502754','0.00','COO','IT','No'),
(270,'Kathlyn','Ryan','1979-12-06','male','hilpert.imelda@example.or','030-818-1809','5.00','COO','IT','No'),
(271,'Crystel','Runte','2001-06-04','female','bjones@example.org','01493529857','0.00','DEV','MKTG','Yes'),
(272,'Javier','Rosenbaum','1977-12-19','male','coralie57@example.net','1-427-556-8054','2279.00','DEV','FIN','No'),
(273,'Kira','Roberts','2007-12-22','female','smith.alfonzo@example.org','(683)755-3733','999999.99','CEO','FIN','No'),
(274,'Moshe','Cronin','1978-05-30','male','ghermann@example.org','498.522.3666','404965.00','CFO','PROD','No'),
(275,'Lowell','Bednar','1995-07-20','male','oo\'keefe@example.com','(697)915-6226x1558','87.00','DEV','FIN','No'),
(276,'Calista','Stehr','2008-03-14','female','mraz.julian@example.net','091-956-9343x93006','8.00','CEO','MKTG','Yes'),
(277,'Jannie','Turcotte','2013-03-31','male','murazik.baby@example.com','(729)787-0877x366','98.00','MGR','PROD','No'),
(278,'Estevan','Hintz','2008-08-20','male','leannon.vance@example.net','1-904-895-6126x947','8.00','CEO','HR','Yes'),
(279,'Jesus','Pollich','2004-05-30','male','kvolkman@example.org','+76(5)0601566938','999999.99','ENG','MKTG','Yes'),
(280,'Gonzalo','Miller','1970-05-30','male','pfannerstill.pedro@exampl','1-706-268-8253','7858.00','MGR','FIN','No'),
(281,'Carey','Erdman','1999-04-21','female','zzieme@example.org','1-391-959-6722x42106','999999.99','DEV','SALES','No'),
(282,'Macie','Will','2001-07-04','female','millie87@example.org','+90(2)2080149192','999999.99','CFO','SALES','Yes'),
(283,'Mara','Kertzmann','1990-04-08','female','dmitchell@example.net','295-461-1257','999999.99','DEV','FIN','Yes'),
(284,'Taurean','Stiedemann','1984-09-30','male','brakus.peggie@example.org','(740)233-1024','999999.99','MGR','IT','No'),
(285,'Sarai','Hirthe','2008-06-14','female','hstark@example.net','08683043580','54.00','CEO','FIN','Yes'),
(286,'Demarcus','Gleason','1970-02-26','male','ftorp@example.com','07531666311','3.00','COO','IT','No'),
(287,'Clementine','Schuster','1979-04-03','female','aliyah00@example.org','(550)246-7257x6003','7.00','CEO','FIN','No'),
(288,'Alanis','Jakubowski','1998-08-01','female','hagenes.elwyn@example.net','961-707-9652x319','53154.00','COO','SALES','Yes'),
(289,'Dasia','Jacobs','2003-04-27','female','sister.haag@example.net','00836913320','0.00','MGR','HR','No'),
(290,'Devyn','Skiles','1979-06-18','male','steuber.antwan@example.or','(068)710-5949','6.00','CFO','SALES','No'),
(291,'Jewell','Gottlieb','1998-01-08','female','greta.sawayn@example.org','04709255468','33889.00','COO','HR','No'),
(292,'Anthony','Wilderman','1979-06-27','female','antoinette82@example.org','606-721-9174x42193','999999.99','MGR','HR','Yes'),
(293,'Adolf','Kunze','2008-07-31','female','wiza.lina@example.org','07566701932','0.00','CFO','IT','Yes'),
(294,'Guido','Satterfield','2016-12-20','female','kulas.elta@example.net','498.546.4232','0.00','CEO','FIN','No'),
(295,'Hester','Casper','2004-09-06','male','sberge@example.org','312.899.8862x70238','239923.00','CEO','IT','Yes'),
(296,'Summer','Botsford','1996-09-27','female','jena48@example.org','1-936-882-3801','38.00','ENG','IT','Yes'),
(297,'Coty','Hoeger','1983-05-28','male','gustave.effertz@example.o','364-933-2490','4401.00','CEO','SALES','No'),
(298,'Nelle','Heidenreich','1985-06-02','female','goodwin.lolita@example.ne','(926)719-0708','130.00','ENG','IT','Yes'),
(299,'Veda','Raynor','1984-03-02','female','zena.will@example.org','472.417.4806','0.00','MGR','FIN','Yes'),
(300,'Zachary','Hickle','1980-01-04','female','qlemke@example.com','754-707-5565','999999.99','DEV','PROD','No'),
(301,'Ward','Swaniawski','1984-03-12','female','yundt.price@example.org','+11(5)9362004908','383058.00','ENG','FIN','Yes'),
(302,'Odell','Goldner','1995-11-03','female','pfeffer.america@example.c','(986)965-1323','693.00','CEO','SALES','Yes'),
(303,'Tillman','Larson','1991-11-28','male','alessandra05@example.org','(728)302-8172x850','11.00','MGR','SALES','Yes'),
(304,'Nelda','Effertz','1987-10-27','male','yazmin.crona@example.net','749.230.8975','999999.99','DEV','MKTG','No'),
(305,'Yolanda','Williamson','1985-04-17','male','jaquan.morar@example.net','(810)012-7654','3600.00','COO','IT','Yes'),
(306,'Eleanora','Schiller','1993-07-06','male','daren.daniel@example.net','1-833-432-0552x9558','0.00','CEO','PROD','Yes'),
(307,'Angeline','Fritsch','1976-01-18','female','littel.seth@example.net','1-392-567-2877x4492','999999.99','COO','PROD','Yes'),
(308,'Walton','Gutmann','2004-01-17','female','zboncak.marilie@example.c','(097)184-6631','8.00','MGR','PROD','No'),
(309,'Jan','Bechtelar','1999-09-05','male','breitenberg.luigi@example','1-091-419-2381','4.00','MGR','HR','No'),
(310,'Antonio','Friesen','1979-11-29','female','jharris@example.net','1-394-084-1354x09925','0.00','CEO','PROD','Yes'),
(311,'Mallie','Zulauf','1988-03-28','male','hulda99@example.net','(826)443-3953x87378','999999.99','ENG','IT','Yes'),
(312,'Lindsey','Littel','2014-03-06','female','parisian.aditya@example.n','118.739.6465','3656.00','MGR','PROD','No'),
(313,'Chesley','Terry','1988-05-25','female','cdenesik@example.net','215.819.0435','999999.99','MGR','PROD','Yes'),
(314,'Grace','Brekke','2008-11-29','female','asa83@example.com','(393)416-7994x9239','999999.99','ENG','FIN','No'),
(315,'Brady','Hills','1972-06-11','male','tia21@example.org','699-046-0034','856.00','DEV','FIN','No'),
(316,'Derrick','Klocko','1989-03-06','male','maximillian.olson@example','1-356-042-7227','999999.99','COO','MKTG','No'),
(317,'Sylvia','Ankunding','1987-08-08','male','delia.willms@example.org','895-605-0850x11969','999999.99','CFO','IT','Yes'),
(318,'Veda','Zemlak','2012-12-05','male','rowena.bartell@example.co','+26(2)8507410771','0.00','COO','MKTG','No'),
(319,'Richard','Towne','1982-12-04','female','major89@example.net','1-578-495-2551','0.00','COO','MKTG','No'),
(320,'Jerrold','Rath','2018-07-12','female','wmarvin@example.net','458.313.2884x28998','999999.99','MGR','PROD','No'),
(321,'Sabrina','McLaughlin','1973-12-30','female','kunde.darrick@example.com','807.303.3268','7106.00','COO','IT','Yes'),
(322,'Victor','Hammes','1984-12-19','male','samantha99@example.net','582.699.0051x085','999999.99','ENG','IT','No'),
(323,'Elena','Hartmann','1994-12-08','female','ernestina96@example.net','(665)161-8941x26387','122.00','COO','SALES','No'),
(324,'Marlen','Effertz','1988-02-13','male','sidney20@example.org','586-700-9868','999999.99','MGR','FIN','No'),
(325,'Russel','Gislason','1976-01-26','female','mohr.rocio@example.net','205.078.5467','58034.00','CEO','MKTG','Yes'),
(326,'Giles','Waelchi','1971-07-22','male','zstoltenberg@example.com','1-384-201-7917x021','3099.00','MGR','HR','No'),
(327,'Shyanne','Torphy','2013-10-23','female','qleannon@example.com','159-611-9099x37744','5.00','CFO','FIN','No'),
(328,'Jane','Nienow','1986-12-16','female','kbeahan@example.org','(896)344-6468x29733','999999.99','CEO','IT','Yes'),
(329,'Melissa','Huels','1986-11-16','female','rosa28@example.com','(786)060-0928','340.00','CEO','SALES','Yes'),
(330,'Herman','Lowe','1977-12-02','female','champlin.juwan@example.co','1-798-363-9980x4991','0.00','DEV','PROD','No'),
(331,'Carlo','Macejkovic','1986-03-29','male','sienna.senger@example.net','+39(9)7668071621','0.00','DEV','IT','No'),
(332,'Dayna','Hoppe','1972-01-31','female','ccormier@example.net','881.805.5405x511','844.00','ENG','IT','No'),
(333,'Ulises','Nolan','1996-09-26','female','emmerich.abigayle@example','+20(7)2851547525','15872.00','CEO','HR','No'),
(334,'Andy','Conn','1990-03-07','male','abigale.o\'connell@example','021.438.3812x61200','999999.99','MGR','PROD','Yes'),
(335,'Sim','Kohler','2003-08-24','female','adoyle@example.net','644.934.2551x307','56.00','MGR','IT','No'),
(336,'Rosetta','Auer','1997-08-17','female','kenny60@example.net','(407)672-9058','566.00','MGR','SALES','No'),
(337,'Lucienne','Bradtke','1984-01-19','female','howell.darius@example.net','00778847552','999999.99','COO','IT','Yes'),
(338,'Hyman','Wyman','1998-12-13','female','brett11@example.org','05992454551','0.00','COO','HR','No'),
(339,'Edwardo','Koss','1973-10-24','male','creilly@example.net','(341)605-3693x0544','216638.00','DEV','SALES','No'),
(340,'Helga','Purdy','1977-02-14','female','parker.ronny@example.net','1-755-278-8347x1255','0.00','ENG','FIN','No'),
(341,'Marquise','Marvin','1976-09-21','female','reid29@example.net','1-190-943-7650x646','864.00','DEV','MKTG','No'),
(342,'Ransom','Beatty','2003-03-19','male','jward@example.com','153-319-7468','0.00','DEV','FIN','Yes'),
(343,'Kelsie','Schuppe','1975-12-30','male','watson.sanford@example.co','538-167-0514x0436','442.00','DEV','FIN','No'),
(344,'Serena','Weber','1971-10-15','male','schuppe.tillman@example.c','407-053-1514x140','55117.00','ENG','FIN','No'),
(345,'Mackenzie','Howell','2001-08-09','female','ethel.cremin@example.org','936-814-5997','816.00','CFO','SALES','Yes'),
(346,'Eleazar','Jacobs','1981-12-25','female','vmcdermott@example.org','07551595156','9820.00','ENG','IT','No'),
(347,'Lavern','Dibbert','1979-04-17','male','leanna.dietrich@example.n','480-004-1948x832','30.00','CEO','IT','Yes'),
(348,'Raegan','Muller','1983-08-18','female','pwhite@example.net','897-640-9098','815.00','ENG','IT','Yes'),
(349,'Florencio','Nader','1984-12-07','male','jenkins.erling@example.ne','(776)121-5567x51967','18.00','DEV','FIN','Yes'),
(350,'Chase','Grimes','1999-03-23','male','darrell.koch@example.org','651.752.6471','1909.00','DEV','IT','Yes'),
(351,'Myrtle','Conroy','1991-06-19','female','leanna48@example.com','(485)176-8352x6069','38869.00','CFO','PROD','No'),
(352,'Cecilia','Okuneva','1994-01-17','male','will46@example.org','088-266-7610x053','467.00','MGR','IT','No'),
(353,'Oral','Larson','1996-10-02','female','okuneva.fred@example.net','1-893-357-9078','0.00','ENG','PROD','No'),
(354,'Maida','Predovic','1977-06-05','female','hartmann.jennie@example.c','01794651114','999999.99','MGR','IT','No'),
(355,'Wilber','McGlynn','1990-08-01','female','xweissnat@example.org','465.860.9025x45806','0.00','CFO','PROD','No'),
(356,'Una','Sanford','1983-03-09','female','xavier87@example.org','1-972-509-6053x574','999999.99','DEV','MKTG','No'),
(357,'Vidal','Brakus','1994-07-23','male','ikunde@example.org','1-781-982-1953x5587','1498.00','COO','SALES','Yes'),
(358,'Tamia','Hayes','1996-09-17','male','mmiller@example.net','659-398-9066','999999.99','CFO','MKTG','No'),
(359,'Katelynn','Mann','1985-10-01','male','muhammad.maggio@example.n','(435)549-8441x2170','293668.00','DEV','SALES','Yes'),
(360,'Karlee','Reinger','1994-02-01','male','ayden.medhurst@example.co','1-837-646-3667x609','37.00','ENG','IT','No'),
(361,'Cade','Upton','1987-04-14','female','deondre04@example.net','815-398-5913x27996','999999.99','COO','FIN','No'),
(362,'Lance','Lakin','1991-06-08','female','langosh.monte@example.org','(837)705-3610x888','999999.99','CFO','MKTG','Yes'),
(363,'Madaline','Fay','2000-07-26','male','evangeline.turner@example','1-838-054-8736x559','72.00','CEO','PROD','No'),
(364,'Freida','West','1997-05-24','female','borer.zoie@example.com','(513)778-1314x7947','999999.99','CEO','MKTG','Yes'),
(365,'Andreane','Kuhlman','1977-05-11','male','zsipes@example.net','141-643-0419x171','84722.00','ENG','SALES','Yes'),
(366,'Estefania','Hammes','2009-01-30','male','borer.johanna@example.org','395-441-9123x96202','93.00','CFO','PROD','Yes'),
(367,'Earnestine','Herman','1971-02-11','male','keebler.hank@example.net','1-534-863-3886x8139','999999.99','DEV','IT','No'),
(368,'Annie','Funk','1972-06-17','female','wsawayn@example.net','824-329-7765x0452','0.00','COO','IT','Yes'),
(369,'Alexa','Kuhlman','2009-06-12','female','windler.adriel@example.ne','(243)636-9168x00017','80.00','CEO','HR','Yes'),
(370,'Luigi','Leannon','2007-04-03','male','immanuel51@example.com','822.960.3297x115','8.00','COO','SALES','No'),
(371,'Kellie','Trantow','1972-02-20','male','urban.predovic@example.ne','1-691-317-7776x53871','999999.99','CFO','HR','No'),
(372,'Lottie','Larkin','1981-08-14','female','prosacco.ezra@example.net','729.919.3727','7.00','COO','PROD','Yes'),
(373,'Twila','Hauck','1991-12-07','male','emmy63@example.com','345-524-4978x9953','5.00','ENG','FIN','Yes'),
(374,'Justine','Veum','1991-12-22','female','ayla.jast@example.org','+80(9)1219576090','44283.00','CEO','FIN','No'),
(375,'Krystal','Strosin','2009-04-16','male','ivory96@example.com','026-857-1754x195','820703.00','CFO','MKTG','No'),
(376,'Kane','Nicolas','1972-12-16','male','dchamplin@example.net','1-590-005-7995x7226','999999.99','CEO','IT','Yes'),
(377,'Aimee','Barton','1971-09-28','male','mae.rempel@example.com','835.289.8732','61.00','MGR','MKTG','Yes'),
(378,'Caterina','Bayer','2010-12-03','female','marcellus95@example.org','808-704-7240','608350.00','MGR','FIN','Yes'),
(379,'Hollis','Kuphal','1988-05-17','male','doyle.clotilde@example.or','(089)444-6873x0232','0.00','ENG','HR','No'),
(380,'Jaquelin','Stiedemann','2003-11-16','male','nfisher@example.org','(621)834-5856','658984.00','CEO','IT','No'),
(381,'Macy','Murray','2003-11-11','female','howe.brady@example.net','896.932.1426','999999.99','ENG','MKTG','No'),
(382,'Xavier','Blick','1970-01-27','female','florence.kautzer@example.','538-476-2743','79310.00','MGR','PROD','Yes'),
(383,'Kaci','Dach','2010-06-13','male','qschuster@example.org','1-170-402-5589x6986','7.00','ENG','IT','Yes'),
(384,'Nelson','Klein','1997-11-27','male','smitham.bartholome@exampl','1-383-944-2600x9539','999999.99','CEO','SALES','Yes'),
(385,'Wade','Franecki','1994-03-26','male','ethyl80@example.com','902.175.2131x14757','32.00','DEV','FIN','Yes'),
(386,'Barrett','Bayer','2009-02-21','female','rkilback@example.com','117-147-4309x41635','491456.00','MGR','IT','Yes'),
(387,'Rudolph','Bartoletti','1998-10-13','male','gward@example.net','905-886-7645x46172','999999.99','CEO','SALES','No'),
(388,'Mose','Brown','2006-02-08','female','sabrina.larson@example.ne','(350)639-2535x89845','25404.00','MGR','IT','Yes'),
(389,'Willy','Jerde','2000-09-04','female','erick50@example.net','+25(5)8270336092','47.00','ENG','HR','No'),
(390,'Friedrich','Jones','1994-05-21','male','jaron.eichmann@example.ne','1-210-887-9799x9456','0.00','CEO','FIN','No'),
(391,'Lavern','Lesch','1971-07-24','male','heaney.macey@example.org','1-473-846-5796x0474','999999.99','COO','SALES','Yes'),
(392,'Jairo','Murphy','2010-06-25','male','thills@example.net','770-709-0090','36.00','COO','PROD','No'),
(393,'Karelle','Murazik','1983-07-09','male','raoul94@example.org','327-497-7073x39507','4059.00','CEO','PROD','Yes'),
(394,'Cecelia','Waters','1987-04-06','male','seamus39@example.com','1-457-840-2498x17179','999999.99','ENG','FIN','No'),
(395,'Elvie','Cruickshank','1994-06-02','female','vhintz@example.com','1-148-793-2444','54.00','MGR','PROD','No'),
(396,'Forest','Kirlin','2018-04-29','female','yolanda63@example.net','07540832004','999999.99','COO','IT','Yes'),
(397,'Evangeline','Gibson','1975-03-16','male','monahan.talon@example.net','016.703.0851x525','33598.00','CFO','PROD','No'),
(398,'Aileen','Fay','1984-01-06','female','pupton@example.com','1-417-507-0679','999999.99','ENG','PROD','Yes'),
(399,'Kacie','Boyer','1993-03-07','male','harris.mariam@example.org','618.481.9439x30906','7722.00','CFO','SALES','Yes'),
(400,'Mozelle','Trantow','1987-07-03','female','pfeffer.eliza@example.com','1-880-722-4290x034','0.00','CFO','SALES','No'),
(401,'Stefan','Lindgren','1992-03-24','female','deborah98@example.net','00041289895','776.00','ENG','MKTG','No'),
(402,'Alva','Koch','1976-10-24','male','tanya65@example.net','+22(5)0387977682','4.00','CEO','IT','Yes'),
(403,'Diamond','Harvey','2015-02-10','male','joey.nicolas@example.org','650.705.0152x64942','922.00','CEO','SALES','Yes'),
(404,'Camren','Beahan','2005-01-17','male','hyatt.tressie@example.org','211-229-0674x865','999999.99','DEV','HR','No'),
(405,'Gust','Bauch','2016-07-22','female','zachariah69@example.org','(678)880-6716','13520.00','CEO','MKTG','Yes'),
(406,'Sophie','Tromp','2012-12-10','female','walsh.manuel@example.org','(564)984-2656','999999.99','ENG','MKTG','Yes'),
(407,'Maxwell','Grimes','1982-01-18','male','towne.lucio@example.org','+84(3)6727602167','434.00','COO','HR','No'),
(408,'Josh','Marvin','1991-09-07','male','bschumm@example.com','853.781.4370','43628.00','CFO','IT','No'),
(409,'Jovany','Yost','2011-10-11','male','newton.konopelski@example','+96(5)0702374361','999999.99','MGR','HR','No'),
(410,'Crawford','Nitzsche','1982-01-09','male','evelyn18@example.org','702.782.2489x0584','999999.99','MGR','SALES','No'),
(411,'Gail','O\'Reilly','1992-05-05','female','rex49@example.net','(013)782-3792x665','253.00','CFO','HR','Yes'),
(412,'Nannie','Walter','1988-08-02','female','gerlach.margret@example.o','+57(0)4956683612','757587.00','CFO','IT','Yes'),
(413,'Brain','Boehm','2010-01-26','male','jaden.zulauf@example.org','671.575.0049','346.00','DEV','FIN','No'),
(414,'Sasha','Bruen','1995-10-11','female','jast.malinda@example.net','+68(8)4584972118','5311.00','DEV','IT','Yes'),
(415,'Justine','Johnson','2004-01-12','male','zelma20@example.org','087.653.9918x650','827.00','DEV','PROD','Yes'),
(416,'Mallie','Williamson','2005-10-07','female','natalie80@example.com','835-470-3609x86370','334712.00','CFO','SALES','No'),
(417,'Joshua','Tromp','1976-05-12','male','timmy09@example.com','04740516954','2.00','ENG','SALES','No'),
(418,'Verona','Considine','1983-05-18','male','kiarra36@example.com','02225287010','999999.99','CFO','IT','No'),
(419,'Emelie','Medhurst','2004-11-24','female','hansen.emory@example.net','1-572-665-3454','957658.00','DEV','SALES','Yes'),
(420,'Cecilia','Walker','1999-11-20','female','alexis70@example.org','(975)074-2539x063','9663.00','ENG','MKTG','No'),
(421,'Ariane','Boyer','1984-06-02','male','ladarius.lindgren@example','1-199-997-8902x615','619.00','MGR','PROD','No'),
(422,'Vena','Gislason','1984-02-19','female','ervin.mosciski@example.ne','(433)349-2508','999999.99','ENG','PROD','No'),
(423,'Kaelyn','Windler','1996-08-30','female','bobby.conn@example.net','06943191027','999999.99','CFO','IT','Yes'),
(424,'Madyson','Block','1973-08-12','female','erika.johnson@example.org','461-185-5635','615057.00','DEV','PROD','No'),
(425,'Markus','Russel','2005-06-26','male','xmante@example.net','1-250-827-0957x23772','999999.99','ENG','SALES','No'),
(426,'Laverne','Howell','1989-06-14','male','savion23@example.org','961-579-2732x78036','1047.00','ENG','HR','Yes'),
(427,'Destiney','Christiansen','2001-08-16','female','andreanne87@example.net','+28(8)5001151129','72.00','CEO','MKTG','Yes'),
(428,'Bernie','Reilly','2003-03-22','female','quinn73@example.com','1-478-611-5715','6.00','CFO','HR','Yes'),
(429,'Thalia','Hintz','1989-02-03','male','vandervort.cassidy@exampl','(206)034-9017x20069','999999.99','CEO','SALES','No'),
(430,'Rebecca','Paucek','2002-01-06','female','brielle52@example.org','965-974-4009','78.00','DEV','IT','No'),
(431,'Euna','Osinski','1982-08-09','female','aida59@example.org','352.192.6500','71924.00','MGR','HR','No'),
(432,'Elna','Hodkiewicz','2000-12-27','female','xadams@example.net','07863336282','9.00','CFO','FIN','No'),
(433,'Loyal','Bergstrom','1975-12-11','male','rohan.minnie@example.net','(742)386-9857','887123.00','COO','MKTG','Yes'),
(434,'Astrid','Kirlin','2002-02-02','male','monahan.stella@example.co','(280)584-7742','999999.99','MGR','SALES','Yes'),
(435,'Axel','Lehner','2005-03-03','female','schowalter.retha@example.','198-873-1310x749','86.00','CEO','HR','No'),
(436,'Kobe','Kohler','1994-01-08','female','luettgen.maureen@example.','1-925-067-7416x44935','41767.00','DEV','IT','No'),
(437,'Kim','Goodwin','1973-10-08','male','hildegard82@example.org','075-851-4740','999999.99','CEO','HR','No'),
(438,'Amanda','Bauch','2004-09-06','female','hipolito.adams@example.ne','672-215-5252','348.00','ENG','HR','Yes'),
(439,'Yolanda','Shields','1975-06-26','male','schinner.antone@example.n','(065)551-6968x07694','704.00','COO','PROD','No'),
(440,'Shana','Dibbert','1978-12-30','female','layla36@example.com','016-724-9401x26850','78.00','DEV','IT','Yes'),
(441,'Paula','Kuphal','2015-04-13','female','bryon52@example.org','+91(8)1054298258','99.00','MGR','HR','No'),
(442,'Myah','Rice','1992-01-01','male','tterry@example.com','(287)467-5407','65.00','MGR','MKTG','Yes'),
(443,'Devin','Goodwin','1990-09-18','female','greenholt.jacques@example','1-993-740-3189x1280','999999.99','COO','IT','Yes'),
(444,'Gregorio','Schumm','2005-11-16','female','kassandra.heller@example.','905-850-2385x7390','3.00','ENG','FIN','No'),
(445,'Marlee','Terry','2005-03-18','male','david.wisoky@example.net','158.043.7567x2491','0.00','COO','IT','No'),
(446,'Elenora','Kessler','1995-07-19','male','wfisher@example.com','996.740.0009','4.00','COO','SALES','No'),
(447,'Kaycee','Marvin','2013-02-03','female','ruecker.jacinto@example.o','546-460-9782','999999.99','COO','IT','Yes'),
(448,'Meta','McLaughlin','2009-03-22','male','josephine.bosco@example.c','1-849-158-0880x1136','737177.00','MGR','IT','Yes'),
(449,'Drake','Fritsch','1973-11-16','female','qbartell@example.org','+61(7)1345280620','23341.00','DEV','HR','No'),
(450,'Matt','Weber','2015-10-14','female','kilback.nikki@example.net','615.798.3704x34911','646.00','DEV','FIN','No'),
(451,'Wayne','Aufderhar','1992-07-17','male','rogahn.edyth@example.net','(325)256-0153x45627','999999.99','ENG','HR','No'),
(452,'Clay','Schumm','2013-07-26','female','raoul.mckenzie@example.ne','763-853-6951','538863.00','MGR','IT','No'),
(453,'Erik','Lind','2018-07-01','female','vilma54@example.com','1-628-523-6692','0.00','DEV','MKTG','No'),
(454,'Cecilia','Wisoky','1988-06-22','male','hkassulke@example.net','1-436-351-5234x78615','11290.00','ENG','MKTG','Yes'),
(455,'Jaquan','Franecki','1983-05-31','female','kkeebler@example.org','(989)227-8536x099','6462.00','DEV','HR','Yes'),
(456,'Jamel','Kerluke','1976-10-29','male','malachi.mosciski@example.','429-848-0105x38217','3601.00','MGR','SALES','Yes'),
(457,'Guillermo','Hoeger','1994-03-01','female','kautzer.keanu@example.net','1-230-843-6721x31156','8.00','MGR','MKTG','No'),
(458,'Agustin','Mosciski','2002-03-30','male','stoltenberg.veronica@exam','282-851-8407','999999.99','COO','FIN','No'),
(459,'Karine','Brakus','1990-07-29','male','hpowlowski@example.com','+84(9)3703758749','0.00','CFO','MKTG','Yes'),
(460,'Randi','Botsford','1998-09-23','male','sbaumbach@example.com','859.389.8592x1718','999999.99','ENG','IT','No'),
(461,'Eldon','Hamill','1982-10-19','male','qthiel@example.org','06211867612','652.00','COO','MKTG','No'),
(462,'Sasha','Weissnat','1989-11-14','female','landen82@example.com','912-865-9846','999999.99','ENG','MKTG','No'),
(463,'Keira','Schaden','1971-08-14','male','arielle63@example.org','677-806-7095x118','142821.00','DEV','MKTG','No'),
(464,'Kristian','Weber','2017-08-03','female','efranecki@example.com','223-177-9801x7834','570754.00','MGR','IT','Yes'),
(465,'Annabel','Wehner','2015-04-02','female','cecile.cassin@example.com','09639331917','999999.99','DEV','SALES','Yes'),
(466,'Arlo','Sawayn','1998-03-24','male','jbahringer@example.org','1-728-914-0278','999999.99','ENG','MKTG','No'),
(467,'Caitlyn','Kemmer','1977-11-11','female','fmante@example.net','866-512-6176','88.00','CFO','SALES','No'),
(468,'Dedric','Renner','2008-06-12','male','arthur94@example.com','672.362.1043x445','0.00','CFO','HR','No'),
(469,'Mervin','Roob','2007-04-07','female','molson@example.net','(683)002-9662x475','72.00','MGR','HR','Yes'),
(470,'Kaycee','Kuphal','2010-11-20','male','kbeatty@example.net','240.244.2948x62862','884909.00','COO','SALES','Yes'),
(471,'Brannon','Kub','1985-07-09','male','mraz.mallory@example.net','884-484-7156','0.00','CFO','FIN','No'),
(472,'Audie','Sanford','1997-06-26','female','kulas.nellie@example.net','1-743-818-3050x0138','0.00','DEV','MKTG','Yes'),
(473,'Pierre','Kris','1977-09-16','male','gislason.esta@example.com','494.753.6240x98854','4849.00','CEO','IT','No'),
(474,'Therese','Kassulke','2018-07-29','male','thiel.zackary@example.net','(029)838-1067','999999.99','MGR','SALES','No'),
(475,'Adriana','Cremin','1980-12-03','male','abernathy.bettie@example.','649.677.9017x423','406976.00','ENG','HR','Yes'),
(476,'Fleta','Turner','2013-07-27','female','camylle99@example.org','852.952.6591x361','935782.00','ENG','MKTG','No'),
(477,'Nola','VonRueden','1973-12-06','male','ukiehn@example.org','755.749.4487x82406','0.00','COO','MKTG','No'),
(478,'Tamia','Reichert','1972-01-02','female','estrella63@example.com','+18(9)3189478089','2.00','ENG','HR','No'),
(479,'Chaz','Harris','1991-12-28','female','carlotta69@example.org','(119)983-1845','910718.00','COO','MKTG','Yes'),
(480,'Quinton','Hoeger','1980-06-12','female','akoelpin@example.org','1-531-355-5752','2.00','MGR','HR','Yes'),
(481,'Celestine','Boyer','1972-02-13','female','nova33@example.com','(035)698-6401','93430.00','ENG','HR','No'),
(482,'Brooklyn','Heathcote','2013-04-15','male','crooks.chester@example.ne','(112)972-3074x6830','971479.00','MGR','PROD','Yes'),
(483,'Jayce','Donnelly','1986-01-31','female','dexter.bernier@example.or','(586)213-5705','999999.99','COO','PROD','No'),
(484,'Lionel','Gleichner','1976-06-26','male','mrippin@example.net','01531613859','0.00','CEO','IT','No'),
(485,'Jimmy','Harber','1996-03-23','female','econnelly@example.net','(599)370-5075x780','999999.99','MGR','PROD','Yes'),
(486,'Bruce','Braun','1977-11-15','female','zbergnaum@example.org','(960)845-0724','999999.99','MGR','IT','Yes'),
(487,'Curtis','Hammes','1974-12-27','female','emmet36@example.net','+20(2)7813965701','13.00','ENG','MKTG','Yes'),
(488,'Trystan','Moen','1991-06-03','female','beatrice.thompson@example','510.577.1719','8.00','COO','FIN','Yes'),
(489,'Shania','Murphy','1995-11-05','female','bemard@example.net','905-742-1817x85469','93867.00','CFO','HR','Yes'),
(490,'Elisa','Koepp','1981-08-17','female','russel80@example.org','(390)551-5192','266.00','COO','PROD','Yes'),
(491,'Maybelle','Ward','1973-11-18','male','fay.river@example.org','871-499-2168x699','7351.00','DEV','IT','Yes'),
(492,'Leora','Robel','1991-10-08','male','nels54@example.org','018.222.9856','999999.99','CFO','MKTG','No'),
(493,'Amira','Collier','1973-11-26','male','fabiola80@example.net','137.950.8713x7991','3.00','ENG','IT','Yes'),
(494,'Conrad','Ratke','1997-02-07','male','haylee.bashirian@example.','(943)609-3713','135.00','MGR','FIN','No'),
(495,'Alexandro','Yundt','2003-10-10','female','imani93@example.org','1-305-657-8617x4961','999999.99','CEO','HR','No'),
(496,'Isidro','Yundt','1995-08-17','female','jennifer.o\'keefe@example.','02269486920','5.00','CEO','SALES','Yes'),
(497,'Adolph','Sawayn','1976-01-12','female','jacklyn37@example.org','536-858-8956x66585','1.00','CFO','FIN','Yes'),
(498,'Chadrick','Denesik','2012-01-10','female','bkertzmann@example.net','1-698-063-7481x210','999999.99','CEO','HR','Yes'),
(499,'Liam','Green','1974-09-15','male','alessia37@example.com','(004)472-9262x80514','81730.00','DEV','IT','Yes'),
(500,'Terrence','Davis','1993-05-02','female','kertzmann.juvenal@example','872-663-1583','999999.99','DEV','IT','No'),
(501, 'Michael', 'Jordan', '2018-09-08', 'male', 'mike_jordan@gmail.com', '6677223311', '2222.00', 'MANAGER', 'HR', 'Yes'),
(502, 'karla', 'Johnson', '2016-03-03', 'female', 'karla@gmail.com', '9922999212', '3333.30', 'DEV', 'TI', 'Yes'),
(503, 'Britney', 'Spears', '2018-12-03', 'female', 'britney@gmail.com', '3344455523', '111111.00', 'MANAGER', 'HR', 'Yes');

-- --------------------------------------------------------

--
-- Table structure for table `jobs`
--


CREATE TABLE `jobs` (
  `job_id` varchar(10) NOT NULL DEFAULT '',
  `title` varchar(35) NOT NULL,
  `min_salary` decimal(6,0) DEFAULT NULL,
  `max_salary` decimal(6,0) DEFAULT NULL,
  PRIMARY KEY (`job_id`)
);

--
-- Dumping data for table `jobs`
--

INSERT INTO `jobs` (`job_id`, `title`, `min_salary`, `max_salary`) VALUES
('DEV', 'Developer', '5000', '10000'),
('MANAGER', 'Manager', '80000', '110000'),
('ENGR', 'Network  Engineer', '2000', '10000');

-- --------------------------------------------------------

--
-- Table structure for table `job_history`
--


CREATE TABLE `job_history` (
  `id` int(10) UNSIGNED NOT NULL AUTO_INCREMENT,
  `fk_employee` int(10) UNSIGNED NOT NULL,
  `hire_date` date NOT NULL,
  `end_date` date DEFAULT NULL,
  `fk_job` varchar(10) NOT NULL,
  `fk_department` varchar(10) DEFAULT NULL,
  PRIMARY KEY (`id`),
  KEY `jhist_employee_ix` (`fk_employee`),
  KEY `jhist_job_ix` (`fk_job`),
  KEY `fk_hist_dept_idx` (`fk_department`)
);

--
-- Dumping data for table `job_history`
--

INSERT INTO `job_history` (`id`, `fk_employee`, `hire_date`, `end_date`, `fk_job`, `fk_department`) VALUES
(2, 1, '2015-12-08', '2018-12-08', 'MANAGER', 'HR'),
(7, 9, '2016-12-08', NULL, 'DEV', 'IT');

-- --------------------------------------------------------

--
-- Table structure for table `locations`
--


CREATE TABLE `locations` (
  `location_id` int(10) UNSIGNED NOT NULL AUTO_INCREMENT,
  `street_address` varchar(40) DEFAULT NULL,
  `postal_code` varchar(12) DEFAULT NULL,
  `city` varchar(30) NOT NULL,
  `state_province` varchar(25) DEFAULT NULL,
  `fk_country` varchar(2) DEFAULT NULL,
  PRIMARY KEY (`location_id`),
  KEY `loc_city_ix` (`city`),
  KEY `loc_country_ix` (`fk_country`),
  KEY `loc_state_province_ix` (`state_province`)
);

--
-- Dumping data for table `locations`
--

INSERT INTO `locations` (`location_id`, `street_address`, `postal_code`, `city`, `state_province`, `fk_country`) VALUES
(3,'Maiya Loop','17850-2857','Rodriguezmouth','Arkansas','HO'),
(4,'Ankunding Radial','27205-1676','Ewellland','Alaska','US'),
(5,'Leffler Path','59251','Harristown','Ohio','SE'),
(6,'Wilkinson River','17990-6027','Elouisebury','Georgia','SA'),
(7,'Powlowski Ford','53275-5027','New Brooklynview','Pennsylvania','SA'),
(8,'Shaun Shoal','07627-5233','Kihnberg','Texas','PE'),
(9,'Guadalupe Causeway','23623-3696','Lake Kenyonside','Alabama','US'),
(10,'Jaskolski Junctions','72896','South Jaunitaview','Wisconsin','US'),
(11,'Pagac Pike','01303-9831','South Demario','WestVirginia','HO'),
(12,'Ferry Corners','11142','Steuberborough','Florida','SA'),
(13,'Elta Green','31549-3214','South Jasminbury','Wyoming','PA'),
(14,'King Mill','46669-6538','Herzogberg','Georgia','SR'),
(15,'Krajcik Burgs','31350','West Cade','Illinois','MA'),
(16,'Feest Mill','50187-8458','South Bernadette','Kansas','NE'),
(17,'Jerrod Meadow','91592-9880','Cathrynside','Illinois','LI'),
(18,'Cremin Hollow','90521-5872','Donnellybury','Indiana','GE'),
(19,'Satterfield Lane','65862-3081','Krisside','Florida','SU'),
(20,'Joanie Lodge','08489-5554','North Dolores','Arizona','US'),
(21,'Aurelio Stream','81590-9789','North Kim','Texas','PE'),
(22,'Runolfsson Forks','01906','Hickleshire','Delaware','SA'),
(23,'Chadd Prairie','12894','Ornchester','Maryland','US'),
(24,'Stark Keys','24720-4078','Forresttown','Kansas','TA'),
(25,'Lenny Mount','68590-3885','New Oceane','Minnesota','MO'),
(26,'Reynolds Stravenue','44834-2794','Port Roslyntown','NewJersey','US'),
(27,'Catharine Lakes','49242','Wuckertland','Tennessee','NO'),
(28,'Abshire Lake','40088-8386','South Novellahaven','Idaho','NE'),
(29,'Cordie Station','73680-2168','Lake Cathrineborough','Kentucky','US'),
(30,'Kendall Cliffs','90257','East Florencio','Utah','MO'),
(31,'Huels Centers','17648-0702','West Rahulside','NewMexico','US'),
(32,'Jerald Road','60163','West Isabellview','Utah','US'),
(33,'Kunze Plaza','66584','Earlhaven','NorthCarolina','US'),
(34,'Mertz Summit','67576-2318','New Saigetown','NorthCarolina','US'),
(35,'Eduardo Ranch','00049','Luzville','NorthCarolina','US'),
(36,'Hane Pass','98024-2754','West Hortense','NorthCarolina','MA'),
(37,'Feest Crossing','05051','Dinofurt','Tennessee','US'),
(38,'Johnston Ridge','82830-6118','Port Lonview','Connecticut','US'),
(39,'Ward Canyon','54140-6030','New Kyleigh','Ohio','US'),
(40,'Kris Shoals','37427-3581','Sunnychester','Texas','US'),
(41,'Considine River','72521-1518','South Harrisonmouth','Minnesota','US'),
(42,'Padberg Junction','08018-0156','Leannonview','Montana','US'),
(43,'Zemlak Springs','08820-2294','North Toney','SouthDakota','US'),
(44,'Batz Trail','24061-2070','North Benton','Mississippi','MO'),
(45,'West Camp','02029-8186','Marciaton','Oklahoma','IS'),
(46,'Keara Isle','08495','Staceyborough','NewJersey','NO'),
(47,'Orpha Union','03209-1578','Domingoport','Hawaii','US'),
(48,'Robin Coves','95424-6833','McLaughlinbury','Pennsylvania','US'),
(49,'Moen Viaduct','67075','Port Ubaldochester','NewYork','US'),
(50,'Doris Drive','12409-4845','North Jennieton','Wisconsin','PA'),
(51,'Sipes Spurs','39533','South Nico','Nevada','IS'),
(52,'Konopelski Knoll','23660-9305','Freddychester','Mississippi','US'),
(53,'Leffler Lane','96163','West Aurelia','Ohio','MO'),
(54,'Lindgren Forge','87494-5108','New Alva','Wisconsin','SO'),
(55,'Dare Station','25857','South Javonte','Pennsylvania','US'),
(56,'Barton River','20915-5849','North Lambertport','Indiana','PA'),
(57,'Weissnat Light','16788-4753','Graceside','Missouri','US'),
(58,'Krystel Crossroad','35655-7490','Pagacview','Maryland','US'),
(59,'Toby Orchard','28374','Maudieville','WestVirginia','KI'),
(60,'Tremblay Motorway','07663-3165','East Feliciahaven','Utah','HO'),
(61,'Ratke Divide','66166-0220','East Ilaview','Arizona','US'),
(62,'Wintheiser Harbor','00299','Ashtonside','SouthDakota','US'),
(63,'Sporer Glen','74781','Port Kallie','NewJersey','UN'),
(64,'Kuhic Summit','39565','Tabithatown','SouthDakota','US'),
(65,'Ernser Station','95295-8354','South Leopoldotown','Indiana','US'),
(66,'Clifton Bridge','30069-0347','Gastonstad','Alaska','SO'),
(67,'Willms Pass','28202','McLaughlinfort','Vermont','HO'),
(68,'Justen Junctions','93920','Kohlerstad','Virginia','MA'),
(69,'Lakin Wells','53302','Lake Eltaport','NewHampshire','US'),
(70,'Darius Vista','24413-0728','West Connor','Idaho','US'),
(71,'Dagmar Island','69601-8087','Jonesfort','Utah','LI'),
(72,'Emmanuelle Ridges','56100','Nitzschemouth','Indiana','US'),
(73,'Kutch Tunnel','76635-9860','East Philipborough','NewMexico','US'),
(74,'Daija Overpass','68213','South Nyasia','Illinois','DE'),
(75,'Idella Mission','82928-2472','West Aniyahland','Georgia','US'),
(76,'Mann Points','68677-1132','New Altaside','NewHampshire','IS'),
(77,'Gage Views','50120-2106','Wehnerhaven','Arizona','UG'),
(78,'Kirlin Wall','22324','Marshallview','Arizona','MA'),
(79,'Hayes Mall','97225','Ernserport','Georgia','SV'),
(80,'Marguerite Station','95878-1263','North Genevieve','SouthDakota','US'),
(81,'Jovani Crest','10249-0128','Stuarttown','Virginia','US'),
(82,'Howell Light','34821','Hymanburgh','Alaska','US'),
(83,'Tatyana Knolls','30257','North Alvismouth','Mississippi','PA'),
(84,'Stracke Drive','27107','West Kassandrafurt','Nevada','US'),
(85,'Zelma Station','76246','Zolaburgh','Maine','US'),
(86,'Fern Greens','72771','Hesselmouth','Oklahoma','US'),
(87,'Rogelio Stream','06910','Cronaland','Massachusetts','US'),
(88,'Cassin Islands','34316','Rennerview','Indiana','US'),
(89,'Saul Land','29986-7475','North Lillaborough','District of Columbia','US'),
(90,'Corwin Street','50580','O\'Harashire','NewMexico','US'),
(91,'Kilback Fall','63222-4555','New Rosella','Delaware','MA'),
(92,'Connelly Canyon','43521','Myrtiefort','SouthDakota','US'),
(93,'Leonard Spurs','31006-1153','East Othoville','Hawaii','US'),
(94,'Ullrich Trail','03491-5593','Lake Domenick','Illinois','US'),
(95,'Schumm Mews','86875-9319','Wolffmouth','Nevada','MO'),
(96,'Sawayn Spur','46144','Purdyton','Texas','SA'),
(97,'Corrine Fords','59220-6005','East Cletusshire','Delaware','US'),
(98,'Conroy Manors','34089','Port Adolphtown','Vermont','US'),
(99,'Lottie Burg','01465-4097','Delfinaberg','SouthCarolina','IS'),
(100,'Kaleb Trail','61363-0532','Justushaven','Georgia','US'),
(101,'Mandy Center','32998-2513','Gusikowskihaven','Wisconsin','US'),
(102,'Lehner Mission','24930','North Sheabury','WestVirginia','NO'),
(103,'Tia Brook','50506','Hermannland','Utah','NE'),
(104,'Rowe Lock','09386','Pagacmouth','District of Columbia','US'),
(105,'Schmidt Forks','19929','Greenhaven','Florida','US'),
(106,'Coralie Fork','91992-6591','Collierberg','District of Columbia','US'),
(107,'Margaretta Wells','77302-8492','Blandaview','Louisiana','US'),
(108,'Connell Skyway','44571-9955','Kingville','NewYork','US'),
(109,'Kelsie Forges','91404','Cathyland','Massachusetts','PA'),
(110,'Jayde Bypass','04812-5530','Cummerataside','Vermont','US'),
(111,'Florine Field','98528','South Naomie','Alaska','LI'),
(112,'Hudson Underpass','30183','Langoshview','Arizona','NO'),
(113,'Monty Trail','98710','Huldamouth','Tennessee','MO'),
(114,'Herzog Terrace','82259-3679','East Lydaville','Kentucky','NO'),
(115,'Dean Roads','50608','Kihntown','Nebraska','US'),
(116,'Hermiston Landing','03957','South Conner','Louisiana','US'),
(117,'Will Freeway','53071-0455','Dejaville','Maine','US'),
(118,'Ryan Point','04077-5893','North Eliseo','Maine','US'),
(119,'Mac Trail','69264-7687','Funkstad','Massachusetts','US'),
(120,'Roberts Common','97698','South Muhammad','Connecticut','PA'),
(121,'Gusikowski Isle','91707','North Briabury','Missouri','US'),
(122,'Dickinson Pines','42696','North Lenny','Nevada','US'),
(123,'Efrain Manors','35433','New Maritza','Maryland','US'),
(124,'Kennedi Lane','91881','Candelarioburgh','California','IS'),
(125,'Cremin Springs','78833-2227','Ethelynchester','Idaho','SU'),
(126,'Beryl Extension','60557','North Orieshire','WestVirginia','NO'),
(127,'Pagac Cove','89118-5124','New Marlenburgh','Pennsylvania','US'),
(128,'Stephon Loop','19067-4812','North Anya','Washington','US'),
(129,'Champlin Land','55353-7859','New Raphaelport','Louisiana','US'),
(130,'Bergnaum Walk','97103-4250','Lambertberg','Georgia','SA'),
(131,'Senger Light','00620','Andresmouth','Alabama','US'),
(132,'Glen Lodge','85267','West Keanu','Nevada','US'),
(133,'Meaghan Fort','72019-4054','West Breanna','Arizona','US'),
(134,'Kirlin Shores','70755-1309','Port Bria','Kentucky','US'),
(135,'Murphy Coves','70794-9351','Jerroldport','Iowa','US'),
(136,'Ron Village','00997','New Kattie','Maine','US'),
(137,'Stacy Gateway','57700','Lake Kristy','Idaho','US'),
(138,'Cartwright Wall','93614','Ortizberg','NewYork','MA'),
(139,'Eleazar Streets','72198','North Arlieton','Kentucky','PA'),
(140,'Kessler Row','01459-2696','Schuppeville','Missouri','UG'),
(141,'Sterling Turnpike','75291-4472','West Newtonborough','California','US'),
(142,'Barton Coves','73395-2460','Jordiside','District of Columbia','US'),
(143,'Bergstrom Trail','02688','Port Ardella','Maryland','US'),
(144,'Jimmie Valley','83097','Kuhnside','Kansas','US'),
(145,'Ratke Hill','83458-1236','New Hopeberg','Connecticut','US'),
(146,'Rodolfo Loaf','57359-1040','Bradenberg','District of Columbia','HO'),
(147,'Gisselle Plaza','30352-1446','Tiffanyburgh','Minnesota','TA'),
(148,'Thurman Trace','94596-1019','Aldaberg','Connecticut','US'),
(149,'Connell Flat','23035-8311','North Lorenzbury','Virginia','US'),
(150,'Lucio Fort','84105','East Cleo','Alaska','IS'),
(151,'Lockman Bypass','57337-4190','Port Lucasberg','Massachusetts','US'),
(152,'Jerde Prairie','03381-2268','Lake Jarred','District of Columbia','MA'),
(153,'Van Rue','93074','Port Dakota','Virginia','US'),
(154,'Furman Cape','03870-4077','Cassinfort','Nevada','LI'),
(155,'Davin Mews','23771','Alethaside','Oklahoma','US'),
(156,'Cleveland Dam','36093','Veldaborough','Arizona','US'),
(157,'Eusebio Avenue','77506','South Abagailhaven','California','PA'),
(158,'Savannah Ways','72819','North Austen','Virginia','US'),
(159,'Dimitri Forge','26990-0160','Port Lisa','Florida','PA'),
(160,'Lehner Inlet','41363-2064','West Milanbury','Louisiana','NE'),
(161,'Pollich Walk','45235-5290','Mabelleberg','Connecticut','US'),
(162,'Kemmer Canyon','14294-2923','New Keeleyhaven','Colorado','US'),
(163,'Bosco Terrace','14985','Port Sean','NewHampshire','UN'),
(164,'Maggio Fords','91682-8765','New Brannonchester','Montana','PA'),
(165,'Hansen Cove','70014','South Reece','Mississippi','US'),
(166,'Nikolaus Alley','63196','New Elizabeth','SouthCarolina','SA'),
(167,'Boyer Burgs','73866','West Darrick','Illinois','US'),
(168,'Shields Path','91145-9155','Emmaberg','Ohio','US'),
(169,'Trudie Way','89607-2567','North Lessieport','NewYork','US'),
(170,'Roob Parkway','96754-5900','Bayerside','Virginia','NE'),
(171,'Wellington Lock','54204','Rennerchester','Oregon','SR'),
(172,'Sydni Roads','71809','East Georgiana','NorthCarolina','US'),
(173,'Ottilie Meadow','70778','Port Eugenia','Kentucky','US'),
(174,'Huels Mountain','17738','New Kay','Washington','US'),
(175,'Gertrude Rapid','04485-9379','West Hardy','Idaho','US'),
(176,'German Stravenue','20316','New Theo','Tennessee','KI'),
(177,'Reichert Divide','47697-3896','Port Ruthe','Idaho','US'),
(178,'Monique Drives','08565-2404','West Shawnside','Arkansas','PA'),
(179,'Nolan Wall','23014-2832','Fayview','Wyoming','US'),
(180,'Sawayn Loop','70516-7832','East Gilda','Minnesota','US'),
(181,'Wyman Islands','33819','Lake Loisberg','Virginia','NE'),
(182,'Turcotte Canyon','24473','Lake Pierre','NewYork','US'),
(183,'Walsh Turnpike','97829','New Grayceview','California','US'),
(184,'Gleason Prairie','23267','Gregstad','Nevada','US'),
(185,'Zora Lake','96676-5239','Port Lincoln','Alaska','US'),
(186,'Maggio Isle','37602-6614','Ryanbury','Delaware','PA'),
(187,'Misty Village','06760','New Elliefurt','Oklahoma','US'),
(188,'Moore Island','90153-7625','Greenholtberg','NewYork','NE'),
(189,'Jewel Island','23464-1065','North Donstad','NewHampshire','Qa'),
(190,'Beverly Valley','85198-5942','Rippinside','Missouri','US'),
(191,'Merritt Square','54463','South Vadaborough','Idaho','MA'),
(192,'Bailey Locks','21522-5168','Emmerichmouth','Nevada','US'),
(193,'Nia Circle','79944-3873','Beattyview','Illinois','US'),
(194,'Gerlach Oval','88740','Port Greyson','Massachusetts','US'),
(195,'Labadie Circles','09467-9596','Ericaview','WestVirginia','US'),
(196,'Jacobs Ville','66641-7061','Brandynfort','Iowa','US'),
(197,'Briana Forks','35355-2027','West Wymanstad','NorthCarolina','UN'),
(198,'Mertz Mill','61746-2175','South Dwightshire','California','US'),
(199,'Oberbrunner Centers','97927-2083','Port Delilahborough','Hawaii','SO'),
(200,'General Dam','52149-6993','New Tito','NorthDakota','US'),
(201,'Russell Knoll','70044-5913','Maystad','Iowa','US'),
(202,'Kim Path','91025-4076','Cesarbury','Alabama','US'),
(203,'Arnulfo Shores','78841-6851','Lake Moseton','Indiana','SA'),
(204,'Champlin Port','23582','New Martyshire','Hawaii','US'),
(205,'Clement Cape','68102','Marilynebury','Minnesota','US'),
(206,'Witting Mission','85890','East Jailynton','Wisconsin','MO'),
(207,'Edison Trafficway','30596-8237','East Jaredshire','California','US'),
(208,'Huels Turnpike','23038-9850','New Maritza','Illinois','US'),
(209,'O\'Reilly Turnpike','45970-6875','Kittyland','Wyoming','US'),
(210,'Alfreda Parkway','78646-1542','Lake Garrickborough','NewYork','US'),
(211,'Jana Club','83430','Jovannymouth','Ohio','SA'),
(212,'Greenholt Rest','93991-2034','Conorstad','Texas','US'),
(213,'Gerhold Villages','84354','East Rodrigoberg','NorthDakota','US'),
(214,'Emmie Throughway','65401-3648','Andrewview','Alaska','US'),
(215,'Roob Rue','55900','Lake Adrainburgh','Arkansas','UN'),
(216,'Jaden Summit','25413-2090','West Cecilberg','Michigan','US'),
(217,'D\'Amore Estates','89020','Lake Mandy','Texas','US'),
(218,'Maryse Fort','64782-6465','Bruenhaven','Mississippi','KI'),
(219,'Oberbrunner Ville','56290','Schustermouth','Hawaii','US'),
(220,'Bogan Islands','48872','South Monroe','Maryland','MA'),
(221,'Kuhlman Stravenue','19948-2110','North Annietown','Hawaii','US'),
(222,'Roob Ridges','51023-5171','Weissnatmouth','Louisiana','GE'),
(223,'O\'Connell Fork','89958','North Kristopherview','Idaho','US'),
(224,'Nayeli Fords','13577','Beckerfurt','Colorado','MA'),
(225,'Effertz Union','51756-0046','New Emmanuelfurt','Washington','HO'),
(226,'Clifton Plaza','10716-2834','Boscofort','Vermont','US'),
(227,'Aleen Common','81332','East Trinity','Connecticut','US'),
(228,'Giles Light','69427-5473','Port Marielle','NorthCarolina','US'),
(229,'Emmy Vista','75695-1324','Kellenhaven','Texas','SA'),
(230,'Howell Gateway','63049','South Lorenzafurt','Alaska','US'),
(231,'Jettie Neck','20361-9012','South Rethafort','Virginia','Ph'),
(232,'Reina Plain','15219-3510','Lake Coraliestad','Mississippi','US'),
(233,'Gilberto Islands','41160','Lubowitzmouth','SouthDakota','US'),
(234,'Grover Cape','82019-8585','Salvatorestad','Nebraska','UN'),
(235,'Haleigh Plains','40382','Macytown','Virginia','US'),
(236,'Marion Mill','07511','East Orenfurt','Alabama','US'),
(237,'Tremblay Summit','79289-0815','New Ashtynmouth','NorthDakota','SE'),
(238,'Bethel Mountain','17862-8308','North Daynaborough','Illinois','NO'),
(239,'Towne Meadows','59200-9207','Dickiborough','Colorado','US'),
(240,'Molly Vista','55547-9250','South April','NorthDakota','US'),
(241,'Fay Views','68639','North Camylleton','SouthDakota','SA'),
(242,'Franecki Fork','25896-9570','South Jessyca','Alaska','NO'),
(243,'Carroll Inlet','48241-5215','South Cleta','Pennsylvania','HO'),
(244,'Sven Road','04335-5581','Port Scotty','Maryland','US'),
(245,'Rippin Mountain','16443','Norrisbury','Utah','US'),
(246,'Gottlieb Lake','85962','Funkmouth','Iowa','US'),
(247,'Rice Ville','82777','Amiyafurt','Connecticut','US'),
(248,'Streich Groves','59295-4218','Port Enosview','Florida','MA'),
(249,'Hettinger Mount','82190-5012','Romaguerafurt','California','US'),
(250,'Doyle Key','71904-5696','Daughertyside','Wisconsin','US'),
(251,'Kozey Stream','22739','Rosaliaberg','Arkansas','SA'),
(252,'Bernier Rest','35794','Rodrigoport','Georgia','US'),
(253,'Francis Meadow','20835','Steubershire','Maryland','US'),
(254,'Myrl Shore','01977-0126','Binsmouth','Tennessee','US'),
(255,'Juwan Drive','86353','Legrosstad','RhodeIsland','US'),
(256,'Julius Centers','98201-0377','Port Charity','Oregon','SA'),
(257,'Orn Tunnel','55074-9423','North Ben','SouthDakota','US'),
(258,'Ettie Curve','20780-8227','Colbyburgh','Wyoming','US'),
(259,'Spinka Key','49421-9412','Kozeyshire','NewJersey','US'),
(260,'Ruth Meadows','51472','Shemarland','Missouri','PE'),
(261,'Zula Squares','88261-1949','Cassandreborough','Washington','US'),
(262,'Howe Mill','75422','South Jade','Kentucky','KI'),
(263,'Karley Key','02658','West Morganstad','Virginia','MO'),
(264,'Hoeger Stravenue','38410-6455','Juwanville','Kansas','MO'),
(265,'Schowalter Spring','50079','Adahaven','NorthCarolina','US'),
(266,'Katrina Junctions','42771-1619','Smithamview','Mississippi','US'),
(267,'Clementine Pine','92287','North Dorotheastad','Texas','IS'),
(268,'Leonora Extension','00494-4545','Cruzland','Ohio','MO'),
(269,'Crona Alley','76085','Port Johanna','NorthCarolina','US'),
(270,'Loyal Ferry','94254','Issactown','Florida','US'),
(271,'Kovacek Springs','10729','South Alexaneton','Indiana','SA'),
(272,'Scot Prairie','06943-9591','West Alyssonborough','Georgia','US'),
(273,'Spencer Loop','96401-1482','East Makenzie','NorthCarolina','US'),
(274,'Carmella Brooks','24462','Alyciabury','Illinois','US'),
(275,'Axel Ford','69993-3994','Port Danniestad','Montana','US'),
(276,'Lindgren Prairie','34413','Sipesbury','Arkansas','US'),
(277,'Rosemary Club','49930-4084','Westontown','Ohio','US'),
(278,'Ryan Squares','18665','Carterview','Hawaii','MA'),
(279,'Wisozk Way','07239-7145','Streichland','Hawaii','US'),
(280,'Mayer Common','56203','Collinschester','Wyoming','SA'),
(281,'Collier Skyway','80604-6786','North Gaylord','Florida','GE'),
(282,'Lehner Parkway','72496','Dibbertville','Vermont','US'),
(283,'Keefe Mission','82771-6770','Mayerfort','Washington','NE'),
(284,'Hills Parks','79244-1386','New Joshtown','Kansas','US'),
(285,'Nader Ville','61754-3505','Sterlingstad','NewJersey','US'),
(286,'Jasmin Walk','99115','Swiftview','Maryland','US'),
(287,'Reichel Radial','16382','Myrastad','Delaware','US'),
(288,'Kohler Lane','42651','West Keltonfurt','Massachusetts','UN'),
(289,'Gutkowski Circle','17000','Josieshire','Nevada','US'),
(290,'Auer Flat','92159','Hellerport','SouthDakota','US'),
(291,'Vickie Ferry','48809-0020','Morissettechester','Oregon','MA'),
(292,'Mayer Mountain','38928','East Camron','Montana','US'),
(293,'Harber Cliff','89874','Rutherfordshire','Michigan','US'),
(294,'Elroy Inlet','87903','New Lueport','RhodeIsland','US'),
(295,'Schroeder Estates','97318-1628','South Edgardoshire','Indiana','US'),
(296,'Marilou Fall','88646','North Abraham','Michigan','US'),
(297,'Klocko Road','32978','Port Celestino','Florida','US'),
(298,'Zander Throughway','40754','Daughertyville','Connecticut','US'),
(299,'Carolanne Rest','46529-8609','New Raeganborough','Oklahoma','GE'),
(300,'Felicita Rest','81650-2221','Wehnerbury','NewHampshire','US'),
(301,'Larkin Camp','86404-9619','East Adelleside','Wyoming','US'),
(302,'Moen Trail','45234-5324','Reginaldton','Arizona','US'),
(303,'Dina Plaza','36623','Constantinhaven','SouthCarolina','US'),
(304,'Aimee Pines','41952','Loweville','Missouri','US'),
(305,'Cleora Trace','07324','Romanton','Vermont','TA'),
(306,'Cruickshank Stravenue','25147','Emmerichstad','Kansas','MO'),
(307,'Esteban Harbors','74599-2291','Lake Katarinatown','Tennessee','MA'),
(308,'Dietrich Route','50886-5842','New Queen','Nebraska','US'),
(309,'Stracke Lodge','43982','West Travisfort','Utah','US'),
(310,'Mann River','34851','Eliezerstad','NorthDakota','TA'),
(311,'Ruthie Curve','92588-1900','Billiechester','Kansas','MO'),
(312,'Eldred Heights','66506-0740','Ziemannside','Illinois','US'),
(313,'Grady Burgs','82973-8076','Baileyburgh','Florida','SE'),
(314,'Alejandra Springs','25977-7655','Jermaineville','Kentucky','IS'),
(315,'Bauch Ports','18921','South Nico','NorthDakota','US'),
(316,'Obie Course','89240','New Maximusmouth','SouthCarolina','US'),
(317,'Nikolaus Junction','75291-6932','South Anthony','Hawaii','US'),
(318,'Pfeffer Views','86658-5583','Suzannefurt','Idaho','SA'),
(319,'Nikki Estate','22136-7004','Weberberg','NorthDakota','SE'),
(320,'Wilber Green','82233-4823','Josephborough','Mississippi','PA'),
(321,'Trey Glen','44447','Gislasonborough','Nevada','US'),
(322,'Augustine Trafficway','79131','Port Albina','Oregon','US'),
(323,'Dariana Summit','58300-2220','Langview','Georgia','US'),
(324,'Greenfelder Canyon','24355-0175','Gusikowskiville','Missouri','US'),
(325,'Gerlach Freeway','17983-4804','Jacobsonbury','SouthCarolina','US'),
(326,'Ole Well','16342-9409','East Joe','NewMexico','US'),
(327,'Blanda Islands','13298-0786','Clydeland','SouthDakota','LI'),
(328,'Keely Inlet','96695-7046','South Myah','Illinois','US'),
(329,'Bernadette Dale','19466','North Vadaville','Maryland','NE'),
(330,'Thompson Parks','03171','Nilsview','Missouri','MA'),
(331,'Trantow Villages','91586','West Marian','Wyoming','US'),
(332,'Schinner Field','21301','Collierberg','RhodeIsland','US'),
(333,'Sarah Track','39316','Donatomouth','Idaho','US'),
(334,'Danielle Mountain','68942','Lake Hayden','Colorado','NE'),
(335,'Towne Avenue','80908','Funkside','Mississippi','US'),
(336,'Ricardo Via','86934-8341','Maeganburgh','Oregon','NE'),
(337,'Wintheiser Canyon','41514-7568','Port Emmanuel','NewJersey','SO'),
(338,'Gleichner Forest','06106','Adolfchester','Iowa','US'),
(339,'Effertz Track','25413','Leonelburgh','California','US'),
(340,'Buckridge Unions','20931-6179','Port Princeside','Nebraska','SA'),
(341,'Dagmar Field','55321','Nyasiaborough','Missouri','GE'),
(342,'Stehr Bypass','32828-0178','Leoraburgh','Michigan','NE'),
(343,'Trantow Rue','50145-3858','Mayachester','Missouri','US'),
(344,'Alison Vista','07509','Lake Ellis','Montana','NO'),
(345,'Daugherty Trafficway','60004','Lake Dovie','Massachusetts','US'),
(346,'Greenholt Isle','36605-4250','West Marjoriemouth','Mississippi','US'),
(347,'Meggie Court','11075-0111','Smithamchester','Michigan','PA'),
(348,'Juana Forest','86572','North Noraton','Arizona','US'),
(349,'Padberg Unions','85944-3356','New Kolbyborough','NewMexico','US'),
(350,'Fay Valley','68048-3577','West Dorthy','Michigan','US'),
(351,'Monahan Street','73690-9530','Port Leopoldohaven','Idaho','MO'),
(352,'Clark Cliffs','14654','New Alphonso','Arkansas','US'),
(353,'Reynolds Flat','32334','Lake Flavie','NorthCarolina','US'),
(354,'Carolanne Valleys','71430-6384','South Lenoremouth','Georgia','SA'),
(355,'Howell Stream','88062-6121','Mohrshire','Wyoming','US'),
(356,'Carter Port','28379','Kuvalisville','Georgia','IS'),
(357,'Jacinto Grove','84519-6454','Rosietown','NewMexico','US'),
(358,'Mortimer Expressway','46233','Gleasonside','Minnesota','US'),
(359,'Rath Dale','80382','Lake Gaylestad','NorthCarolina','US'),
(360,'Schuyler Harbors','67747-7175','Lake Bonnie','Indiana','US'),
(361,'Toy Roads','97318','North Asa','Wyoming','SA'),
(362,'Collins Via','22038-3431','Port Sonyaside','Nebraska','US'),
(363,'Devonte Mission','08427','Lake Helga','Oklahoma','US'),
(364,'Cruickshank Center','88522','Parisianchester','NorthCarolina','US'),
(365,'Lueilwitz Ford','00294-7011','East Blakeland','Alabama','US'),
(366,'Kerluke Haven','40916','Oralview','Pennsylvania','DE'),
(367,'Baumbach Ville','82333','North Myriammouth','Wisconsin','US'),
(368,'Santino Burg','22387-0915','Krajcikstad','District of Columbia','US'),
(369,'Hermina Plain','73385-9619','Wiegandshire','Montana','US'),
(370,'Langworth Parkway','39190-4462','Ryanshire','Vermont','SU'),
(371,'Labadie Drives','46964-2824','North Kalebbury','Maryland','US'),
(372,'Jeffery Crossing','21958','Adrainville','NewMexico','SA'),
(373,'Eliezer Crescent''52601-7254','Nadermouth','Tennessee','US'),
(374,'Norris Court','88238-2904','Lockmanland','Kentucky','US'),
(375,'Ariel Pike','76876','Port Jo','Wisconsin','SA'),
(376,'Waters Shoals','66821-3991','West Nelsonshire','Maine','US'),
(377,'Rutherford Mills','32901','Effertzfurt','Minnesota','US'),
(378,'Penelope Spurs','61212','Carlottachester','Nebraska','US'),
(379,'Shane Passage','86103-4479','East Modesto','Illinois','US'),
(380,'Haag Trail','65033','Schambergerview','Utah','US'),
(381,'Aric Skyway','56274-0753','Lake Estefania','Texas','US'),
(382,'Bergnaum Coves','47331','Heaneyburgh','Florida','US'),
(383,'Hermann Neck','93102-8949','Port Dortha','SouthCarolina','US'),
(384,'Kaylah Streets','20298-0224','Port Roscoebury','Illinois','PA'),
(385,'Schmidt Haven','07450-7325','Beattyton','Hawaii','US'),
(386,'Shirley Underpass','60719','Lake Clarafort','Oklahoma','MA'),
(387,'Marquardt Shoals','10333','Princeshire','Tennessee','US'),
(388,'Lonny Ridges','23829','Stammhaven','Georgia','HO'),
(389,'Wilkinson Street','97797','East Jadonmouth','Alaska','NO'),
(390,'Cordia Ports','23117','Naomiberg','Arkansas','US'),
(391,'Neil Way','89494-1235','Emeryview','Massachusetts','GE'),
(392,'Will Inlet','57392-1935','Port Cleo','NewHampshire','US'),
(393,'Liliana Junctions','85081','Raleighfurt','Idaho','US'),
(394,'Hara Terrace','92880-9407','Titusville','Utah','US'),
(395,'Toni Squares','38456','Corwinside','NewYork','US'),
(396,'Kemmer Plaza','80119','Lake Eddmouth','Minnesota','SA'),
(397,'Lind Creek','78561-5070','East Bobbyhaven','Tennessee','SU'),
(398,'Jenkins Shore','19721-0987','Nataliaview','Virginia','LI'),
(399,'Harmony Drives','91392','Rachelchester','Ohio','US'),
(400,'Jared Fort','81965','Rempelmouth','SouthDakota','GE'),
(401,'Kutch Loaf','76537-8735','Kundehaven','RhodeIsland','US'),
(402,'Trantow Vista','85170-2459','West Rasheed','Montana','US'),
(403,'Enid Hills','57826-6295','Christinemouth','Mississippi','PA'),
(404,'Roxanne Motorway','71061-4637','Konopelskiview','NorthDakota','HO'),
(405,'Arjun Ranch','98456-3100','New Lamar','Oregon','US'),
(406,'Blaze Alley','35653-3526','Virginieshire','WestVirginia','PA'),
(407,'Theresia Ferry','01901-5567','North Caesarland','Minnesota','US'),
(408,'Fay Orchard','84745-5957','Port Maximusmouth','SouthDakota','MO'),
(409,'Mraz Streets','72293-0344','New Ervinberg','Vermont','US'),
(410,'Luna Burgs','24957-3447','East Alva','Mississippi','US'),
(411,'Lily Valleys','15399-9175','New Jessycahaven','Connecticut','US'),
(412,'Bashirian Row','83997-4868','North Jaquelinland','Washington','SA'),
(413,'Bobbie Drive','05753','Augusthaven','Indiana','US'),
(414,'Ratke Land','58094-1982','Lake Cooper','Ohio','NO'),
(415,'Andre Islands','52579-3245','Lake Jennie','NorthDakota','US'),
(416,'Cletus Brooks','86859-2204','Jakubowskiside','Nevada','US'),
(417,'Wyman Orchard','81524','Daynashire','Alaska','MO'),
(418,'Esperanza Isle','51509-4398','East Velma','Oregon','US'),
(419,'Nyasia Alley','51619-1418','North Leatha','Illinois','US'),
(420,'Boyer Square','01997-9226','Abernathychester','Pennsylvania','LI'),
(421,'Dante Ridges','40594-1764','Port Keely','Pennsylvania','US'),
(422,'Schimmel Bypass','64025-1575','Cartwrightton','Massachusetts','US'),
(423,'Smith Roads','12488-7036','West Lethaville','Hawaii','US'),
(424,'Coby Burg','58135-3886','Adriannaside','Utah','US'),
(425,'Boyle Forges','78027','New Delia','RhodeIsland','US'),
(426,'Angel Locks','12704-9972','Lockmanmouth','Delaware','MA'),
(427,'Breitenberg Square','70783','Port Carole','Arkansas','US'),
(428,'Terrill Park','64192','Francoland','Massachusetts','US'),
(429,'Dianna Pike','85395-7168','South April','Wyoming','US'),
(430,'Rempel Extension','72846','Lake Eldastad','District of Columbia','MO'),
(431,'Armani Shoals','77233','Albertachester','NewYork','MO'),
(432,'Predovic Shoal','98236-8913','Brakusport','District of Columbia','US'),
(433,'Robel Forest','52905','North Jaiden','NewMexico','US'),
(434,'Littel Path','70179','Runteview','NewYork','SO'),
(435,'Bergstrom Ramp','52412-6713','Port Camdenfurt','Tennessee','US'),
(436,'Vicenta Haven','33915','New Celiaton','Texas','US'),
(437,'Crist Harbor','96897-2439','Ludwigtown','Hawaii','US'),
(438,'Zetta Causeway','21342','Benedictview','Georgia','US'),
(439,'Maudie Overpass','73243','South Ilenebury','Kansas','KI'),
(440,'Runolfsdottir Bridge','11527','East Moriahport','Nebraska','US'),
(441,'Patsy Greens','58159-0584','Parisianland','Connecticut','US'),
(442,'Brisa Port','27611','Kesslerview','Nebraska','US'),
(443,'Winnifred Rapids','59164-2232','Spencerbury','Maine','SO'),
(444,'Dietrich Route','84956','North Clementina','Washington','IS'),
(445,'Hettie Estates','12655','Diannaside','Massachusetts','US'),
(446,'Little Club','74628','West Hipolitofort','Arkansas','US'),
(447,'Wendy Plains','56667-5153','Lourdesland','Minnesota','US'),
(448,'Alexandria Fords','14039-6226','Lake Dillon','WestVirginia','US'),
(449,'Wilkinson Freeway','13693','Eusebiobury','SouthDakota','US'),
(450,'Alexandra Flats','21686','New Meta','Massachusetts','US'),
(451,'Elmira Causeway','87896','Runteville','Nevada','US'),
(452,'Jaiden Mission','44417-1643','Port Dockmouth','Michigan','US'),
(453,'Robel Springs','62669-1800','Lucyfurt','Wisconsin','SE'),
(454,'Balistreri Dale','33118','New Scottie','Massachusetts','US'),
(455,'Reynold Pass','73336','Harrisborough','Wisconsin','US'),
(456,'Lorena Causeway','11610-2814','Veumchester','WestVirginia','SA'),
(457,'Heidenreich Track','02352','Zaneport','Kentucky','NE'),
(458,'Jessy Ville','54947','East Bellaview','Massachusetts','SR'),
(459,'Streich Wells','73329','Greenfelderberg','Michigan','NE'),
(460,'Gorczany Locks','99845-7704','East Savanna','Ohio','US'),
(461,'Rodrick Isle','99027','North Evans','Oklahoma','SA'),
(462,'Robert Drive','55126','East Ottoton','Utah','SO'),
(463,'Zelma Coves','86292-5649','North Geraldborough','WestVirginia','TA'),
(464,'Yundt Cape','19236','East Alana','Nevada','US'),
(465,'Adolphus Estate','14548-5423','Leslieport','Minnesota','US'),
(466,'Towne Plain','48899-5128','New Durwardton','Michigan','SU'),
(467,'Rebekah Locks','77966','Angelinechester','Alabama','US'),
(468,'Gianni Viaduct','10572-2724','New Maybelle','RhodeIsland','MA'),
(469,'Bradly Shoal','16952-5171','South Reaganview','Alabama','US'),
(470,'Uriah Terrace','94267-2224','New Maya','Missouri','NO'),
(471,'Vivien Fork','89723','New Hettieland','Virginia','US'),
(472,'Christ Mount','16287-4668','North Thea','Kentucky','US'),
(473,'Dickens Hollow','58961','Pagacland','Kansas','NE'),
(474,'Bins Parkway','63069-4968','Michealmouth','Alabama','US'),
(475,'Obie Flat','98559-3586','Kuphalport','NorthDakota','US'),
(476,'Cleora Place','45843-0379','Hahnbury','NewHampshire','US'),
(477,'Victor Greens','65123-9957','Terrychester','Michigan','US'),
(478,'Mueller Alley','77709','East Americaton','Oregon','US'),
(479,'Schaefer Ranch','18512','Antoinettebury','WestVirginia','US'),
(480,'Lamont Place','50714','Port Sadieville','NorthCarolina','US'),
(481,'Flavie Brook','48050','New Buster','District of Columbia','US'),
(482,'Una Stream','96447-8288','New Veronicaville','Utah','NE'),
(483,'Bauch Villages','51371-7602','Jaydafort','Alabama','US'),
(484,'Dickinson Court','18261-1847','West Aidanfort','Maryland','US'),
(485,'Rosella Canyon','14151','Gloverfort','Iowa','US'),
(486,'Cole Island','77251','South Joey','Ohio','US'),
(487,'Jeanne Extensions','94198-2640','Danielshire','RhodeIsland','SE'),
(488,'Kaylie Street','84879','East Ryanland','Montana','US'),
(489,'Barrows Drives','48908','Alanhaven','Iowa','US'),
(490,'Reichert Ports','11566','South Danielle','Wisconsin','US'),
(491,'Zion Meadows','19937-0027','Littelhaven','Wisconsin','US'),
(492,'Jakubowski Spurs','37214-9854','South Eugeniastad','Michigan','US'),
(493,'Littel Shoal','50880','North Janie','Alaska','US'),
(494,'Bosco Views','55523','Kovacektown','SouthDakota','PE'),
(495,'McLaughlin Springs','76383','East Shany','Michigan','SU'),
(496,'Cassin Squares','02488','Lake Leebury','Montana','US'),
(497,'Bruen Spring','05248-9551','Schowalterhaven','WestVirginia','US'),
(498,'Eunice Shoal','83677','Kiehnhaven','Wyoming','US'),
(499,'Therese Keys','31951-0895','North Haleigh','NorthDakota','US'),
(500,'Wuckert Corner','88378-4522','Leilanimouth','Idaho','GE'),
(501,'Weber Square','09742-0965','Twilaborough','NorthCarolina','US'),
(502,'Frami Islands','31281-4363','Lake Moseside','Oregon','US');


-- --------------------------------------------------------

--
-- Table structure for table `regions`
--


CREATE TABLE `regions` (
  `region_id` int(10) UNSIGNED NOT NULL AUTO_INCREMENT,
  `name` varchar(45) NOT NULL,
  PRIMARY KEY (`region_id`),
  UNIQUE KEY `sss` (`name`)
);

--
-- Dumping data for table `regions`
--

INSERT INTO `regions` (`region_id`, `name`) VALUES
(3, 'Africa'),
(2, 'America'),
(1, 'Asia'),
(4, 'Australia and Oceania'),
(5, 'Central America');

-- --------------------------------------------------------

--
-- Structure for view `departments_view`
--
DROP TABLE IF EXISTS `departments_view`;

CREATE ALGORITHM=UNDEFINED DEFINER=`root`@`localhost` SQL SECURITY DEFINER VIEW `departments_view`  AS  select `d`.`department_id` AS `department_id`,`d`.`name` AS `name`,`d`.`fk_employee_manager` AS `fk_employee_manager`,`e`.`first_name` AS `first_name`,`e`.`last_name` AS `last_name`,`d`.`fk_location` AS `fk_location`,`l`.`street_address` AS `street_address`,`l`.`city` AS `city`,`l`.`state_province` AS `state_province`,`l`.`fk_country` AS `fk_country` from ((`departments` `d` join `employees` `e` on((`d`.`fk_employee_manager` = `e`.`employee_id`))) join `locations` `l` on((`d`.`fk_location` = `l`.`location_id`))) order by `d`.`name` ;

--
-- Constraints for dumped tables
--

--
-- Constraints for table `countries`
--
ALTER TABLE `countries`
  ADD CONSTRAINT `fk_count_regions` FOREIGN KEY (`fk_region`) REFERENCES `regions` (`region_id`) ON DELETE CASCADE ON UPDATE CASCADE;

--
-- Constraints for table `departments`
--
ALTER TABLE `departments`
  ADD CONSTRAINT `fk_dep_loc` FOREIGN KEY (`fk_location`) REFERENCES `locations` (`location_id`) ON DELETE NO ACTION ON UPDATE NO ACTION,
  ADD CONSTRAINT `fk_depman_emp` FOREIGN KEY (`fk_employee_manager`) REFERENCES `employees` (`employee_id`) ON DELETE NO ACTION ON UPDATE NO ACTION;

--
-- Constraints for table `employees`
--
ALTER TABLE `employees`
  ADD CONSTRAINT `fk_emp_dept` FOREIGN KEY (`fk_department`) REFERENCES `departments` (`department_id`) ON DELETE NO ACTION ON UPDATE NO ACTION,
  ADD CONSTRAINT `fk_emp_job` FOREIGN KEY (`fk_job`) REFERENCES `jobs` (`job_id`) ON DELETE NO ACTION ON UPDATE NO ACTION;

--
-- Constraints for table `job_history`
--
ALTER TABLE `job_history`
  ADD CONSTRAINT `fk_hist_dept` FOREIGN KEY (`fk_department`) REFERENCES `departments` (`department_id`) ON DELETE NO ACTION ON UPDATE NO ACTION,
  ADD CONSTRAINT `fk_hist_emp` FOREIGN KEY (`fk_employee`) REFERENCES `employees` (`employee_id`) ON DELETE NO ACTION ON UPDATE NO ACTION,
  ADD CONSTRAINT `fk_hist_job` FOREIGN KEY (`fk_job`) REFERENCES `jobs` (`job_id`) ON DELETE NO ACTION ON UPDATE NO ACTION;

--
-- Constraints for table `locations`
--
ALTER TABLE `locations`
  ADD CONSTRAINT `fk_loc_count` FOREIGN KEY (`fk_country`) REFERENCES `countries` (`country_id`) ON DELETE NO ACTION ON UPDATE NO ACTION;
COMMIT;
